{
  "获取食物" : {
    "transaction" : "获取食物",
    "sampleCount" : 112,
    "errorCount" : 0,
    "errorPct" : 0.0,
    "meanResTime" : 33.04464285714286,
    "medianResTime" : 32.0,
    "minResTime" : 28.0,
    "maxResTime" : 69.0,
    "pct1ResTime" : 38.0,
    "pct2ResTime" : 43.349999999999994,
    "pct3ResTime" : 67.05000000000007,
    "throughput" : 0.9432532129562566,
    "receivedKBytesPerSec" : 0.8721193799583958,
    "sentKBytesPerSec" : 0.43938650642591254
  },
  "支付" : {
    "transaction" : "支付",
    "sampleCount" : 109,
    "errorCount" : 0,
    "errorPct" : 0.0,
    "meanResTime" : 15.788990825688067,
    "medianResTime" : 14.0,
    "minResTime" : 11.0,
    "maxResTime" : 61.0,
    "pct1ResTime" : 21.0,
    "pct2ResTime" : 23.0,
    "pct3ResTime" : 58.40000000000015,
    "throughput" : 0.9251400441351214,
    "receivedKBytesPerSec" : 0.45263199424970296,
    "sentKBytesPerSec" : 0.5041290474876932
  },
  "preseveother" : {
    "transaction" : "preseveother",
    "sampleCount" : 108,
    "errorCount" : 0,
    "errorPct" : 0.0,
    "meanResTime" : 51.833333333333314,
    "medianResTime" : 47.5,
    "minResTime" : 34.0,
    "maxResTime" : 120.0,
    "pct1ResTime" : 71.30000000000003,
    "pct2ResTime" : 83.64999999999999,
    "pct3ResTime" : 118.82999999999996,
    "throughput" : 0.9373454031019189,
    "receivedKBytesPerSec" : 0.4558574323679255,
    "sentKBytesPerSec" : 0.9181224993273679
  },
  "Login" : {
    "transaction" : "Login",
    "sampleCount" : 5,
    "errorCount" : 0,
    "errorPct" : 0.0,
    "meanResTime" : 143.6,
    "medianResTime" : 124.0,
    "minResTime" : 120.0,
    "maxResTime" : 227.0,
    "pct1ResTime" : 227.0,
    "pct2ResTime" : 227.0,
    "pct3ResTime" : 227.0,
    "throughput" : 0.6360513929525506,
    "receivedKBytesPerSec" : 0.48946142348301747,
    "sentKBytesPerSec" : 0.18385860577534666
  },
  "查票" : {
    "transaction" : "查票",
    "sampleCount" : 112,
    "errorCount" : 0,
    "errorPct" : 0.0,
    "meanResTime" : 215.1160714285715,
    "medianResTime" : 208.5,
    "minResTime" : 168.0,
    "maxResTime" : 304.0,
    "pct1ResTime" : 255.0,
    "pct2ResTime" : 266.04999999999995,
    "pct3ResTime" : 302.31000000000006,
    "throughput" : 0.9414612824047611,
    "receivedKBytesPerSec" : 0.6884222196420766,
    "sentKBytesPerSec" : 0.5231362008674894
  },
  "进站" : {
    "transaction" : "进站",
    "sampleCount" : 110,
    "errorCount" : 0,
    "errorPct" : 0.0,
    "meanResTime" : 19.227272727272727,
    "medianResTime" : 17.0,
    "minResTime" : 12.0,
    "maxResTime" : 48.0,
    "pct1ResTime" : 25.0,
    "pct2ResTime" : 37.0,
    "pct3ResTime" : 47.45,
    "throughput" : 0.9336275674758105,
    "receivedKBytesPerSec" : 0.43125570255474455,
    "sentKBytesPerSec" : 0.444931887625191
  },
  "查看所有订单" : {
    "transaction" : "查看所有订单",
    "sampleCount" : 110,
    "errorCount" : 0,
    "errorPct" : 0.0,
    "meanResTime" : 18.027272727272727,
    "medianResTime" : 17.0,
    "minResTime" : 13.0,
    "maxResTime" : 37.0,
    "pct1ResTime" : 23.0,
    "pct2ResTime" : 29.44999999999999,
    "pct3ResTime" : 36.56,
    "throughput" : 0.9335324869305452,
    "receivedKBytesPerSec" : 0.7612301040888724,
    "sentKBytesPerSec" : 0.692856142643764
  },
  "获取乘客信息" : {
    "transaction" : "获取乘客信息",
    "sampleCount" : 111,
    "errorCount" : 0,
    "errorPct" : 0.0,
    "meanResTime" : 9.35135135135135,
    "medianResTime" : 9.0,
    "minResTime" : 8.0,
    "maxResTime" : 20.0,
    "pct1ResTime" : 11.799999999999997,
    "pct2ResTime" : 13.0,
    "pct3ResTime" : 19.639999999999986,
    "throughput" : 0.9356192788145451,
    "receivedKBytesPerSec" : 0.8067888898371517,
    "sentKBytesPerSec" : 0.44679475326202395
  },
  "托运" : {
    "transaction" : "托运",
    "sampleCount" : 110,
    "errorCount" : 0,
    "errorPct" : 0.0,
    "meanResTime" : 18.327272727272728,
    "medianResTime" : 17.0,
    "minResTime" : 13.0,
    "maxResTime" : 43.0,
    "pct1ResTime" : 24.0,
    "pct2ResTime" : 26.44999999999999,
    "pct3ResTime" : 42.78,
    "throughput" : 0.9335800247823062,
    "receivedKBytesPerSec" : 0.7348295898188855,
    "sentKBytesPerSec" : 0.7430348830054487
  },
  "查换乘票" : {
    "transaction" : "查换乘票",
    "sampleCount" : 108,
    "errorCount" : 0,
    "errorPct" : 0.0,
    "meanResTime" : 1241.4444444444441,
    "medianResTime" : 1245.0,
    "minResTime" : 1030.0,
    "maxResTime" : 1494.0,
    "pct1ResTime" : 1402.2,
    "pct2ResTime" : 1422.4,
    "pct3ResTime" : 1491.57,
    "throughput" : 0.9283375022563759,
    "receivedKBytesPerSec" : 1.7370652581508892,
    "sentKBytesPerSec" : 0.5303490613476366
  },
  "Total" : {
    "transaction" : "Total",
    "sampleCount" : 1543,
    "errorCount" : 0,
    "errorPct" : 0.0,
    "meanResTime" : 314.91056383668104,
    "medianResTime" : 36.0,
    "minResTime" : 8.0,
    "maxResTime" : 1509.0,
    "pct1ResTime" : 1210.6000000000001,
    "pct2ResTime" : 1281.8,
    "pct3ResTime" : 1402.0,
    "throughput" : 12.844632392115077,
    "receivedKBytesPerSec" : 11.445579467838472,
    "sentKBytesPerSec" : 8.010368367491342
  },
  "订票" : {
    "transaction" : "订票",
    "sampleCount" : 111,
    "errorCount" : 0,
    "errorPct" : 0.0,
    "meanResTime" : 405.8018018018017,
    "medianResTime" : 403.0,
    "minResTime" : 341.0,
    "maxResTime" : 541.0,
    "pct1ResTime" : 460.6,
    "pct2ResTime" : 485.59999999999997,
    "pct3ResTime" : 538.9599999999999,
    "throughput" : 0.9321855973126181,
    "receivedKBytesPerSec" : 0.4267432553012807,
    "sentKBytesPerSec" : 0.9030547973965988
  },
  "查便宜票" : {
    "transaction" : "查便宜票",
    "sampleCount" : 108,
    "errorCount" : 0,
    "errorPct" : 0.0,
    "meanResTime" : 1188.3518518518517,
    "medianResTime" : 1188.0,
    "minResTime" : 996.0,
    "maxResTime" : 1489.0,
    "pct1ResTime" : 1326.5,
    "pct2ResTime" : 1359.65,
    "pct3ResTime" : 1483.7799999999997,
    "throughput" : 0.927508351869187,
    "receivedKBytesPerSec" : 1.7354550802552364,
    "sentKBytesPerSec" : 0.5280638370505234
  },
  "取票" : {
    "transaction" : "取票",
    "sampleCount" : 110,
    "errorCount" : 0,
    "errorPct" : 0.0,
    "meanResTime" : 18.281818181818185,
    "medianResTime" : 17.0,
    "minResTime" : 13.0,
    "maxResTime" : 46.0,
    "pct1ResTime" : 24.0,
    "pct2ResTime" : 26.44999999999999,
    "pct3ResTime" : 44.57000000000001,
    "throughput" : 0.9335800247823062,
    "receivedKBytesPerSec" : 0.43123374191604574,
    "sentKBytesPerSec" : 0.44673262904622074
  },
  "查票2" : {
    "transaction" : "查票2",
    "sampleCount" : 112,
    "errorCount" : 0,
    "errorPct" : 0.0,
    "meanResTime" : 39.45535714285715,
    "medianResTime" : 38.0,
    "minResTime" : 31.0,
    "maxResTime" : 81.0,
    "pct1ResTime" : 45.7,
    "pct2ResTime" : 52.0,
    "pct3ResTime" : 79.96000000000004,
    "throughput" : 0.9431737797689225,
    "receivedKBytesPerSec" : 0.42921775524640415,
    "sentKBytesPerSec" : 0.5250088422541853
  },
  "查快速票" : {
    "transaction" : "查快速票",
    "sampleCount" : 107,
    "errorCount" : 0,
    "errorPct" : 0.0,
    "meanResTime" : 1205.9065420560748,
    "medianResTime" : 1186.0,
    "minResTime" : 970.0,
    "maxResTime" : 1509.0,
    "pct1ResTime" : 1325.6,
    "pct2ResTime" : 1364.3999999999999,
    "pct3ResTime" : 1501.96,
    "throughput" : 0.935494588120093,
    "receivedKBytesPerSec" : 1.7505176093741803,
    "sentKBytesPerSec" : 0.5326106883535295
  }
}