{
  "获取食物" : {
    "transaction" : "获取食物",
    "sampleCount" : 107,
    "errorCount" : 0,
    "errorPct" : 0.0,
    "meanResTime" : 29.70093457943925,
    "medianResTime" : 28.0,
    "minResTime" : 25.0,
    "maxResTime" : 56.0,
    "pct1ResTime" : 35.2,
    "pct2ResTime" : 39.39999999999998,
    "pct3ResTime" : 54.96000000000002,
    "throughput" : 0.9063034676695295,
    "receivedKBytesPerSec" : 0.8379469050160085,
    "sentKBytesPerSec" : 0.4221745645296539
  },
  "支付" : {
    "transaction" : "支付",
    "sampleCount" : 106,
    "errorCount" : 0,
    "errorPct" : 0.0,
    "meanResTime" : 14.433962264150942,
    "medianResTime" : 13.0,
    "minResTime" : 10.0,
    "maxResTime" : 60.0,
    "pct1ResTime" : 19.299999999999997,
    "pct2ResTime" : 23.0,
    "pct3ResTime" : 57.54999999999974,
    "throughput" : 0.9005947323704333,
    "receivedKBytesPerSec" : 0.4406230087085811,
    "sentKBytesPerSec" : 0.4907537701784197
  },
  "preseveother" : {
    "transaction" : "preseveother",
    "sampleCount" : 103,
    "errorCount" : 0,
    "errorPct" : 0.0,
    "meanResTime" : 65.3883495145631,
    "medianResTime" : 56.0,
    "minResTime" : 41.0,
    "maxResTime" : 317.0,
    "pct1ResTime" : 89.60000000000001,
    "pct2ResTime" : 107.39999999999999,
    "pct3ResTime" : 309.03999999999877,
    "throughput" : 0.8975174493076916,
    "receivedKBytesPerSec" : 0.43648797827659225,
    "sentKBytesPerSec" : 0.8791113297418113
  },
  "Login" : {
    "transaction" : "Login",
    "sampleCount" : 5,
    "errorCount" : 0,
    "errorPct" : 0.0,
    "meanResTime" : 155.6,
    "medianResTime" : 125.0,
    "minResTime" : 122.0,
    "maxResTime" : 272.0,
    "pct1ResTime" : 272.0,
    "pct2ResTime" : 272.0,
    "pct3ResTime" : 272.0,
    "throughput" : 0.6434178355424012,
    "receivedKBytesPerSec" : 0.4951301312572385,
    "sentKBytesPerSec" : 0.18598796808647536
  },
  "查票" : {
    "transaction" : "查票",
    "sampleCount" : 107,
    "errorCount" : 0,
    "errorPct" : 0.0,
    "meanResTime" : 273.7102803738318,
    "medianResTime" : 264.0,
    "minResTime" : 201.0,
    "maxResTime" : 572.0,
    "pct1ResTime" : 336.0,
    "pct2ResTime" : 353.2,
    "pct3ResTime" : 556.4800000000004,
    "throughput" : 0.9045107188746871,
    "receivedKBytesPerSec" : 0.6613937442939744,
    "sentKBytesPerSec" : 0.5026041006247041
  },
  "进站" : {
    "transaction" : "进站",
    "sampleCount" : 106,
    "errorCount" : 0,
    "errorPct" : 0.0,
    "meanResTime" : 18.198113207547184,
    "medianResTime" : 17.0,
    "minResTime" : 12.0,
    "maxResTime" : 33.0,
    "pct1ResTime" : 26.0,
    "pct2ResTime" : 28.64999999999999,
    "pct3ResTime" : 33.0,
    "throughput" : 0.9004952723998199,
    "receivedKBytesPerSec" : 0.415951429536245,
    "sentKBytesPerSec" : 0.4291422782530392
  },
  "查看所有订单" : {
    "transaction" : "查看所有订单",
    "sampleCount" : 106,
    "errorCount" : 0,
    "errorPct" : 0.0,
    "meanResTime" : 17.405660377358494,
    "medianResTime" : 15.0,
    "minResTime" : 12.0,
    "maxResTime" : 48.0,
    "pct1ResTime" : 24.299999999999997,
    "pct2ResTime" : 28.299999999999983,
    "pct3ResTime" : 47.0199999999999,
    "throughput" : 0.9004340771824908,
    "receivedKBytesPerSec" : 0.7342406781712694,
    "sentKBytesPerSec" : 0.6682909166588799
  },
  "获取乘客信息" : {
    "transaction" : "获取乘客信息",
    "sampleCount" : 107,
    "errorCount" : 0,
    "errorPct" : 0.0,
    "meanResTime" : 8.570093457943928,
    "medianResTime" : 8.0,
    "minResTime" : 7.0,
    "maxResTime" : 20.0,
    "pct1ResTime" : 11.0,
    "pct2ResTime" : 12.0,
    "pct3ResTime" : 19.840000000000003,
    "throughput" : 0.9065799061223798,
    "receivedKBytesPerSec" : 0.781748102642638,
    "sentKBytesPerSec" : 0.4329273184510193
  },
  "托运" : {
    "transaction" : "托运",
    "sampleCount" : 106,
    "errorCount" : 0,
    "errorPct" : 0.0,
    "meanResTime" : 14.490566037735846,
    "medianResTime" : 13.5,
    "minResTime" : 11.0,
    "maxResTime" : 35.0,
    "pct1ResTime" : 17.299999999999997,
    "pct2ResTime" : 22.299999999999983,
    "pct3ResTime" : 34.579999999999956,
    "throughput" : 0.9004799728156989,
    "receivedKBytesPerSec" : 0.7087762286029817,
    "sentKBytesPerSec" : 0.7166906033640572
  },
  "查换乘票" : {
    "transaction" : "查换乘票",
    "sampleCount" : 103,
    "errorCount" : 0,
    "errorPct" : 0.0,
    "meanResTime" : 1249.1844660194179,
    "medianResTime" : 1250.0,
    "minResTime" : 1042.0,
    "maxResTime" : 1535.0,
    "pct1ResTime" : 1360.8,
    "pct2ResTime" : 1378.6,
    "pct3ResTime" : 1530.7199999999993,
    "throughput" : 0.8876708550941965,
    "receivedKBytesPerSec" : 1.6609153890239068,
    "sentKBytesPerSec" : 0.5071166506153368
  },
  "Total" : {
    "transaction" : "Total",
    "sampleCount" : 1483,
    "errorCount" : 0,
    "errorPct" : 0.0,
    "meanResTime" : 330.01281186783496,
    "medianResTime" : 34.0,
    "minResTime" : 7.0,
    "maxResTime" : 1541.0,
    "pct1ResTime" : 1226.0,
    "pct2ResTime" : 1294.8,
    "pct3ResTime" : 1376.16,
    "throughput" : 12.388685613085393,
    "receivedKBytesPerSec" : 11.033436541923546,
    "sentKBytesPerSec" : 7.72457299028453
  },
  "订票" : {
    "transaction" : "订票",
    "sampleCount" : 107,
    "errorCount" : 0,
    "errorPct" : 0.0,
    "meanResTime" : 505.33644859813086,
    "medianResTime" : 498.0,
    "minResTime" : 405.0,
    "maxResTime" : 783.0,
    "pct1ResTime" : 569.4,
    "pct2ResTime" : 600.5999999999999,
    "pct3ResTime" : 778.7600000000001,
    "throughput" : 0.9022683194198499,
    "receivedKBytesPerSec" : 0.41316359147061305,
    "sentKBytesPerSec" : 0.8740724344379796
  },
  "查便宜票" : {
    "transaction" : "查便宜票",
    "sampleCount" : 105,
    "errorCount" : 0,
    "errorPct" : 0.0,
    "meanResTime" : 1217.2285714285715,
    "medianResTime" : 1218.0,
    "minResTime" : 1050.0,
    "maxResTime" : 1393.0,
    "pct1ResTime" : 1355.6,
    "pct2ResTime" : 1374.4,
    "pct3ResTime" : 1392.76,
    "throughput" : 0.8918712307822985,
    "receivedKBytesPerSec" : 1.6688327502548204,
    "sentKBytesPerSec" : 0.5077743433067188
  },
  "取票" : {
    "transaction" : "取票",
    "sampleCount" : 106,
    "errorCount" : 0,
    "errorPct" : 0.0,
    "meanResTime" : 17.490566037735856,
    "medianResTime" : 16.0,
    "minResTime" : 12.0,
    "maxResTime" : 45.0,
    "pct1ResTime" : 25.599999999999994,
    "pct2ResTime" : 32.0,
    "pct3ResTime" : 44.50999999999995,
    "throughput" : 0.9004723232185938,
    "receivedKBytesPerSec" : 0.4159408289867138,
    "sentKBytesPerSec" : 0.4308900765401475
  },
  "查票2" : {
    "transaction" : "查票2",
    "sampleCount" : 107,
    "errorCount" : 0,
    "errorPct" : 0.0,
    "meanResTime" : 40.66355140186917,
    "medianResTime" : 38.0,
    "minResTime" : 31.0,
    "maxResTime" : 96.0,
    "pct1ResTime" : 48.2,
    "pct2ResTime" : 57.599999999999994,
    "pct3ResTime" : 95.28000000000002,
    "throughput" : 0.9061806602415353,
    "receivedKBytesPerSec" : 0.4123829957739799,
    "sentKBytesPerSec" : 0.5044169690797609
  },
  "查快速票" : {
    "transaction" : "查快速票",
    "sampleCount" : 102,
    "errorCount" : 0,
    "errorPct" : 0.0,
    "meanResTime" : 1224.7352941176478,
    "medianResTime" : 1207.5,
    "minResTime" : 1058.0,
    "maxResTime" : 1541.0,
    "pct1ResTime" : 1351.4,
    "pct2ResTime" : 1384.6499999999999,
    "pct3ResTime" : 1540.97,
    "throughput" : 0.899034859635979,
    "receivedKBytesPerSec" : 1.6821785068970077,
    "sentKBytesPerSec" : 0.511852854656031
  }
}