{
  "获取食物" : {
    "transaction" : "获取食物",
    "sampleCount" : 109,
    "errorCount" : 0,
    "errorPct" : 0.0,
    "meanResTime" : 31.477064220183493,
    "medianResTime" : 30.0,
    "minResTime" : 25.0,
    "maxResTime" : 72.0,
    "pct1ResTime" : 36.0,
    "pct2ResTime" : 46.5,
    "pct3ResTime" : 70.80000000000007,
    "throughput" : 0.9174929714987964,
    "receivedKBytesPerSec" : 0.8482962986734229,
    "sentKBytesPerSec" : 0.4273868627001229
  },
  "支付" : {
    "transaction" : "支付",
    "sampleCount" : 108,
    "errorCount" : 0,
    "errorPct" : 0.0,
    "meanResTime" : 14.13888888888889,
    "medianResTime" : 13.0,
    "minResTime" : 10.0,
    "maxResTime" : 28.0,
    "pct1ResTime" : 19.0,
    "pct2ResTime" : 22.0,
    "pct3ResTime" : 27.909999999999997,
    "throughput" : 0.9214152255334397,
    "receivedKBytesPerSec" : 0.45080959764868483,
    "sentKBytesPerSec" : 0.5020993123512298
  },
  "preseveother" : {
    "transaction" : "preseveother",
    "sampleCount" : 107,
    "errorCount" : 0,
    "errorPct" : 0.0,
    "meanResTime" : 56.82242990654207,
    "medianResTime" : 51.0,
    "minResTime" : 36.0,
    "maxResTime" : 142.0,
    "pct1ResTime" : 83.2,
    "pct2ResTime" : 92.79999999999993,
    "pct3ResTime" : 141.68,
    "throughput" : 0.9273141688405107,
    "receivedKBytesPerSec" : 0.45097896101813895,
    "sentKBytesPerSec" : 0.9082969837373361
  },
  "Login" : {
    "transaction" : "Login",
    "sampleCount" : 5,
    "errorCount" : 0,
    "errorPct" : 0.0,
    "meanResTime" : 152.0,
    "medianResTime" : 130.0,
    "minResTime" : 121.0,
    "maxResTime" : 241.0,
    "pct1ResTime" : 241.0,
    "pct2ResTime" : 241.0,
    "pct3ResTime" : 241.0,
    "throughput" : 0.6323510813203491,
    "receivedKBytesPerSec" : 0.48661391804729986,
    "sentKBytesPerSec" : 0.1827889844441634
  },
  "查票" : {
    "transaction" : "查票",
    "sampleCount" : 110,
    "errorCount" : 0,
    "errorPct" : 0.0,
    "meanResTime" : 252.23636363636365,
    "medianResTime" : 250.5,
    "minResTime" : 184.0,
    "maxResTime" : 361.0,
    "pct1ResTime" : 305.6,
    "pct2ResTime" : 330.0499999999999,
    "pct3ResTime" : 359.9,
    "throughput" : 0.9228962161255139,
    "receivedKBytesPerSec" : 0.674843278064435,
    "sentKBytesPerSec" : 0.5128202607181811
  },
  "进站" : {
    "transaction" : "进站",
    "sampleCount" : 108,
    "errorCount" : 0,
    "errorPct" : 0.0,
    "meanResTime" : 16.92592592592593,
    "medianResTime" : 15.5,
    "minResTime" : 12.0,
    "maxResTime" : 46.0,
    "pct1ResTime" : 22.300000000000026,
    "pct2ResTime" : 26.549999999999997,
    "pct3ResTime" : 44.64999999999995,
    "throughput" : 0.9213759213759214,
    "receivedKBytesPerSec" : 0.42559649493243246,
    "sentKBytesPerSec" : 0.43909321253071254
  },
  "查看所有订单" : {
    "transaction" : "查看所有订单",
    "sampleCount" : 108,
    "errorCount" : 0,
    "errorPct" : 0.0,
    "meanResTime" : 16.85185185185185,
    "medianResTime" : 15.0,
    "minResTime" : 12.0,
    "maxResTime" : 37.0,
    "pct1ResTime" : 23.0,
    "pct2ResTime" : 27.64999999999999,
    "pct3ResTime" : 36.91,
    "throughput" : 0.9213130416979458,
    "receivedKBytesPerSec" : 0.7512660056814304,
    "sentKBytesPerSec" : 0.6837870231351941
  },
  "获取乘客信息" : {
    "transaction" : "获取乘客信息",
    "sampleCount" : 108,
    "errorCount" : 0,
    "errorPct" : 0.0,
    "meanResTime" : 8.83333333333333,
    "medianResTime" : 8.0,
    "minResTime" : 7.0,
    "maxResTime" : 16.0,
    "pct1ResTime" : 11.0,
    "pct2ResTime" : 12.0,
    "pct3ResTime" : 15.819999999999993,
    "throughput" : 0.9225880302745554,
    "receivedKBytesPerSec" : 0.795551983137141,
    "sentKBytesPerSec" : 0.4405718230510328
  },
  "托运" : {
    "transaction" : "托运",
    "sampleCount" : 108,
    "errorCount" : 0,
    "errorPct" : 0.0,
    "meanResTime" : 15.194444444444446,
    "medianResTime" : 14.0,
    "minResTime" : 12.0,
    "maxResTime" : 41.0,
    "pct1ResTime" : 18.10000000000001,
    "pct2ResTime" : 21.0,
    "pct3ResTime" : 39.91999999999996,
    "throughput" : 0.9213287608128168,
    "receivedKBytesPerSec" : 0.7251865050929007,
    "sentKBytesPerSec" : 0.7332841211547321
  },
  "查换乘票" : {
    "transaction" : "查换乘票",
    "sampleCount" : 107,
    "errorCount" : 0,
    "errorPct" : 0.0,
    "meanResTime" : 1232.7102803738323,
    "medianResTime" : 1247.0,
    "minResTime" : 1045.0,
    "maxResTime" : 1512.0,
    "pct1ResTime" : 1333.2,
    "pct2ResTime" : 1380.0,
    "pct3ResTime" : 1503.3600000000001,
    "throughput" : 0.9177695626442056,
    "receivedKBytesPerSec" : 1.7172915263923079,
    "sentKBytesPerSec" : 0.5243117130340432
  },
  "Total" : {
    "transaction" : "Total",
    "sampleCount" : 1518,
    "errorCount" : 0,
    "errorPct" : 0.0,
    "meanResTime" : 322.347167325428,
    "medianResTime" : 35.0,
    "minResTime" : 7.0,
    "maxResTime" : 1538.0,
    "pct1ResTime" : 1210.0,
    "pct2ResTime" : 1272.0,
    "pct3ResTime" : 1352.6699999999996,
    "throughput" : 12.537476151539929,
    "receivedKBytesPerSec" : 11.200025022816058,
    "sentKBytesPerSec" : 7.818637945790695
  },
  "订票" : {
    "transaction" : "订票",
    "sampleCount" : 108,
    "errorCount" : 0,
    "errorPct" : 0.0,
    "meanResTime" : 449.78703703703707,
    "medianResTime" : 449.0,
    "minResTime" : 368.0,
    "maxResTime" : 578.0,
    "pct1ResTime" : 496.1,
    "pct2ResTime" : 504.75,
    "pct3ResTime" : 575.93,
    "throughput" : 0.9181253241067405,
    "receivedKBytesPerSec" : 0.4203840425780619,
    "sentKBytesPerSec" : 0.8894339077284049
  },
  "查便宜票" : {
    "transaction" : "查便宜票",
    "sampleCount" : 108,
    "errorCount" : 0,
    "errorPct" : 0.0,
    "meanResTime" : 1196.2685185185185,
    "medianResTime" : 1202.0,
    "minResTime" : 992.0,
    "maxResTime" : 1444.0,
    "pct1ResTime" : 1293.3,
    "pct2ResTime" : 1324.55,
    "pct3ResTime" : 1436.3499999999997,
    "throughput" : 0.9113155008016202,
    "receivedKBytesPerSec" : 1.7052144201966077,
    "sentKBytesPerSec" : 0.5188446650071724
  },
  "取票" : {
    "transaction" : "取票",
    "sampleCount" : 108,
    "errorCount" : 0,
    "errorPct" : 0.0,
    "meanResTime" : 18.555555555555557,
    "medianResTime" : 16.0,
    "minResTime" : 12.0,
    "maxResTime" : 76.0,
    "pct1ResTime" : 27.0,
    "pct2ResTime" : 35.29999999999998,
    "pct3ResTime" : 73.83999999999992,
    "throughput" : 0.9213287608128168,
    "receivedKBytesPerSec" : 0.425574710805139,
    "sentKBytesPerSec" : 0.44087020781082054
  },
  "查票2" : {
    "transaction" : "查票2",
    "sampleCount" : 110,
    "errorCount" : 0,
    "errorPct" : 0.0,
    "meanResTime" : 39.59999999999998,
    "medianResTime" : 37.5,
    "minResTime" : 31.0,
    "maxResTime" : 83.0,
    "pct1ResTime" : 47.0,
    "pct2ResTime" : 51.349999999999966,
    "pct3ResTime" : 81.24000000000001,
    "throughput" : 0.9245406713846257,
    "receivedKBytesPerSec" : 0.4207382352199566,
    "sentKBytesPerSec" : 0.5146368971574578
  },
  "查快速票" : {
    "transaction" : "查快速票",
    "sampleCount" : 106,
    "errorCount" : 0,
    "errorPct" : 0.0,
    "meanResTime" : 1202.849056603774,
    "medianResTime" : 1189.5,
    "minResTime" : 1001.0,
    "maxResTime" : 1538.0,
    "pct1ResTime" : 1316.6,
    "pct2ResTime" : 1356.1,
    "pct3ResTime" : 1534.9199999999996,
    "throughput" : 0.9096526156803515,
    "receivedKBytesPerSec" : 1.7021039873463888,
    "sentKBytesPerSec" : 0.5178979247477001
  }
}