{
  "获取食物" : {
    "transaction" : "获取食物",
    "sampleCount" : 110,
    "errorCount" : 0,
    "errorPct" : 0.0,
    "meanResTime" : 31.863636363636374,
    "medianResTime" : 29.0,
    "minResTime" : 25.0,
    "maxResTime" : 92.0,
    "pct1ResTime" : 40.70000000000002,
    "pct2ResTime" : 43.44999999999999,
    "pct3ResTime" : 89.91000000000001,
    "throughput" : 0.9330573745461948,
    "receivedKBytesPerSec" : 0.8626887453135073,
    "sentKBytesPerSec" : 0.43463707779153804
  },
  "支付" : {
    "transaction" : "支付",
    "sampleCount" : 110,
    "errorCount" : 0,
    "errorPct" : 0.0,
    "meanResTime" : 14.472727272727273,
    "medianResTime" : 13.0,
    "minResTime" : 10.0,
    "maxResTime" : 33.0,
    "pct1ResTime" : 19.0,
    "pct2ResTime" : 22.899999999999977,
    "pct3ResTime" : 32.78,
    "throughput" : 0.9338257141644382,
    "receivedKBytesPerSec" : 0.4568815261683433,
    "sentKBytesPerSec" : 0.5088620590856997
  },
  "preseveother" : {
    "transaction" : "preseveother",
    "sampleCount" : 109,
    "errorCount" : 0,
    "errorPct" : 0.0,
    "meanResTime" : 54.559633027522935,
    "medianResTime" : 51.0,
    "minResTime" : 36.0,
    "maxResTime" : 136.0,
    "pct1ResTime" : 69.0,
    "pct2ResTime" : 77.0,
    "pct3ResTime" : 135.20000000000005,
    "throughput" : 0.9355179250384077,
    "receivedKBytesPerSec" : 0.45496867838781935,
    "sentKBytesPerSec" : 0.916332498841331
  },
  "Login" : {
    "transaction" : "Login",
    "sampleCount" : 5,
    "errorCount" : 0,
    "errorPct" : 0.0,
    "meanResTime" : 153.2,
    "medianResTime" : 132.0,
    "minResTime" : 124.0,
    "maxResTime" : 231.0,
    "pct1ResTime" : 231.0,
    "pct2ResTime" : 231.0,
    "pct3ResTime" : 231.0,
    "throughput" : 0.6303580433686333,
    "receivedKBytesPerSec" : 0.4850802130610186,
    "sentKBytesPerSec" : 0.18221287191124558
  },
  "查票" : {
    "transaction" : "查票",
    "sampleCount" : 110,
    "errorCount" : 0,
    "errorPct" : 0.0,
    "meanResTime" : 239.2090909090909,
    "medianResTime" : 230.0,
    "minResTime" : 189.0,
    "maxResTime" : 354.0,
    "pct1ResTime" : 287.9,
    "pct2ResTime" : 296.45,
    "pct3ResTime" : 353.67,
    "throughput" : 0.9311302227940679,
    "receivedKBytesPerSec" : 0.6808641761402113,
    "sentKBytesPerSec" : 0.5173956023142818
  },
  "进站" : {
    "transaction" : "进站",
    "sampleCount" : 110,
    "errorCount" : 0,
    "errorPct" : 0.0,
    "meanResTime" : 17.66363636363636,
    "medianResTime" : 16.0,
    "minResTime" : 12.0,
    "maxResTime" : 59.0,
    "pct1ResTime" : 23.0,
    "pct2ResTime" : 27.899999999999977,
    "pct3ResTime" : 56.47000000000001,
    "throughput" : 0.9336751150117982,
    "receivedKBytesPerSec" : 0.4312776654302545,
    "sentKBytesPerSec" : 0.4449545469978101
  },
  "查看所有订单" : {
    "transaction" : "查看所有订单",
    "sampleCount" : 110,
    "errorCount" : 0,
    "errorPct" : 0.0,
    "meanResTime" : 16.418181818181807,
    "medianResTime" : 15.0,
    "minResTime" : 12.0,
    "maxResTime" : 34.0,
    "pct1ResTime" : 20.0,
    "pct2ResTime" : 27.0,
    "pct3ResTime" : 33.56,
    "throughput" : 0.9336117193732919,
    "receivedKBytesPerSec" : 0.7612947125749011,
    "sentKBytesPerSec" : 0.6929149479723651
  },
  "获取乘客信息" : {
    "transaction" : "获取乘客信息",
    "sampleCount" : 110,
    "errorCount" : 0,
    "errorPct" : 0.0,
    "meanResTime" : 8.954545454545451,
    "medianResTime" : 8.0,
    "minResTime" : 7.0,
    "maxResTime" : 24.0,
    "pct1ResTime" : 11.900000000000006,
    "pct2ResTime" : 13.449999999999989,
    "pct3ResTime" : 23.78,
    "throughput" : 0.9333423839261471,
    "receivedKBytesPerSec" : 0.8048255127019414,
    "sentKBytesPerSec" : 0.4457074470116074
  },
  "托运" : {
    "transaction" : "托运",
    "sampleCount" : 110,
    "errorCount" : 0,
    "errorPct" : 0.0,
    "meanResTime" : 15.345454545454546,
    "medianResTime" : 14.0,
    "minResTime" : 12.0,
    "maxResTime" : 33.0,
    "pct1ResTime" : 19.900000000000006,
    "pct2ResTime" : 20.44999999999999,
    "pct3ResTime" : 32.010000000000005,
    "throughput" : 0.9336513406384478,
    "receivedKBytesPerSec" : 0.7348857231978407,
    "sentKBytesPerSec" : 0.7430916431839208
  },
  "查换乘票" : {
    "transaction" : "查换乘票",
    "sampleCount" : 108,
    "errorCount" : 0,
    "errorPct" : 0.0,
    "meanResTime" : 1238.0740740740735,
    "medianResTime" : 1236.0,
    "minResTime" : 1054.0,
    "maxResTime" : 1485.0,
    "pct1ResTime" : 1363.1,
    "pct2ResTime" : 1378.65,
    "pct3ResTime" : 1480.6799999999998,
    "throughput" : 0.9196890088647801,
    "receivedKBytesPerSec" : 1.720882568806363,
    "sentKBytesPerSec" : 0.5254082716659144
  },
  "Total" : {
    "transaction" : "Total",
    "sampleCount" : 1538,
    "errorCount" : 0,
    "errorPct" : 0.0,
    "meanResTime" : 317.38556566970175,
    "medianResTime" : 36.0,
    "minResTime" : 7.0,
    "maxResTime" : 1485.0,
    "pct1ResTime" : 1204.0,
    "pct2ResTime" : 1262.05,
    "pct3ResTime" : 1363.61,
    "throughput" : 12.734634396760866,
    "receivedKBytesPerSec" : 11.36211179754581,
    "sentKBytesPerSec" : 7.946815448713703
  },
  "订票" : {
    "transaction" : "订票",
    "sampleCount" : 110,
    "errorCount" : 0,
    "errorPct" : 0.0,
    "meanResTime" : 426.2272727272727,
    "medianResTime" : 423.0,
    "minResTime" : 349.0,
    "maxResTime" : 592.0,
    "pct1ResTime" : 482.70000000000005,
    "pct2ResTime" : 506.45,
    "pct3ResTime" : 585.95,
    "throughput" : 0.9301538981904278,
    "receivedKBytesPerSec" : 0.42585259703196343,
    "sentKBytesPerSec" : 0.901086588871977
  },
  "查便宜票" : {
    "transaction" : "查便宜票",
    "sampleCount" : 110,
    "errorCount" : 0,
    "errorPct" : 0.0,
    "meanResTime" : 1190.6727272727276,
    "medianResTime" : 1189.5,
    "minResTime" : 991.0,
    "maxResTime" : 1430.0,
    "pct1ResTime" : 1290.0,
    "pct2ResTime" : 1339.6,
    "pct3ResTime" : 1426.92,
    "throughput" : 0.9254040229836709,
    "receivedKBytesPerSec" : 1.7315751927574516,
    "sentKBytesPerSec" : 0.5268657669916798
  },
  "取票" : {
    "transaction" : "取票",
    "sampleCount" : 110,
    "errorCount" : 0,
    "errorPct" : 0.0,
    "meanResTime" : 17.990909090909092,
    "medianResTime" : 16.0,
    "minResTime" : 12.0,
    "maxResTime" : 71.0,
    "pct1ResTime" : 22.80000000000001,
    "pct2ResTime" : 32.44999999999999,
    "pct3ResTime" : 69.02000000000001,
    "throughput" : 0.9336513406384478,
    "receivedKBytesPerSec" : 0.4312666837128768,
    "sentKBytesPerSec" : 0.44676675479769473
  },
  "查票2" : {
    "transaction" : "查票2",
    "sampleCount" : 110,
    "errorCount" : 0,
    "errorPct" : 0.0,
    "meanResTime" : 40.48181818181817,
    "medianResTime" : 38.0,
    "minResTime" : 32.0,
    "maxResTime" : 101.0,
    "pct1ResTime" : 47.900000000000006,
    "pct2ResTime" : 56.44999999999999,
    "pct3ResTime" : 99.79,
    "throughput" : 0.9328516426669381,
    "receivedKBytesPerSec" : 0.42452037644804014,
    "sentKBytesPerSec" : 0.5192631214064011
  },
  "查快速票" : {
    "transaction" : "查快速票",
    "sampleCount" : 106,
    "errorCount" : 0,
    "errorPct" : 0.0,
    "meanResTime" : 1184.8207547169811,
    "medianResTime" : 1174.0,
    "minResTime" : 1032.0,
    "maxResTime" : 1403.0,
    "pct1ResTime" : 1289.6,
    "pct2ResTime" : 1347.0,
    "pct3ResTime" : 1402.93,
    "throughput" : 0.9191654671268275,
    "receivedKBytesPerSec" : 1.7198447607568372,
    "sentKBytesPerSec" : 0.5233139329442777
  }
}