{
  "获取食物" : {
    "transaction" : "获取食物",
    "sampleCount" : 109,
    "errorCount" : 0,
    "errorPct" : 0.0,
    "meanResTime" : 31.495412844036696,
    "medianResTime" : 31.0,
    "minResTime" : 26.0,
    "maxResTime" : 44.0,
    "pct1ResTime" : 37.0,
    "pct2ResTime" : 40.0,
    "pct3ResTime" : 44.0,
    "throughput" : 0.917207314097224,
    "receivedKBytesPerSec" : 0.8480321853516102,
    "sentKBytesPerSec" : 0.42725379768005456
  },
  "支付" : {
    "transaction" : "支付",
    "sampleCount" : 108,
    "errorCount" : 0,
    "errorPct" : 0.0,
    "meanResTime" : 15.50925925925926,
    "medianResTime" : 14.0,
    "minResTime" : 10.0,
    "maxResTime" : 35.0,
    "pct1ResTime" : 21.10000000000001,
    "pct2ResTime" : 23.549999999999997,
    "pct3ResTime" : 34.45999999999998,
    "throughput" : 0.9235821303961141,
    "receivedKBytesPerSec" : 0.45186977278169255,
    "sentKBytesPerSec" : 0.503280106211945
  },
  "preseveother" : {
    "transaction" : "preseveother",
    "sampleCount" : 107,
    "errorCount" : 0,
    "errorPct" : 0.0,
    "meanResTime" : 52.177570093457945,
    "medianResTime" : 48.0,
    "minResTime" : 35.0,
    "maxResTime" : 97.0,
    "pct1ResTime" : 76.2,
    "pct2ResTime" : 86.6,
    "pct3ResTime" : 96.60000000000001,
    "throughput" : 0.9263828645143416,
    "receivedKBytesPerSec" : 0.4505260415313888,
    "sentKBytesPerSec" : 0.9073847784256686
  },
  "Login" : {
    "transaction" : "Login",
    "sampleCount" : 5,
    "errorCount" : 0,
    "errorPct" : 0.0,
    "meanResTime" : 153.4,
    "medianResTime" : 128.0,
    "minResTime" : 120.0,
    "maxResTime" : 251.0,
    "pct1ResTime" : 251.0,
    "pct2ResTime" : 251.0,
    "pct3ResTime" : 251.0,
    "throughput" : 0.6364562118126273,
    "receivedKBytesPerSec" : 0.48977294424643586,
    "sentKBytesPerSec" : 0.1839756237270876
  },
  "查票" : {
    "transaction" : "查票",
    "sampleCount" : 109,
    "errorCount" : 0,
    "errorPct" : 0.0,
    "meanResTime" : 242.44954128440372,
    "medianResTime" : 233.0,
    "minResTime" : 177.0,
    "maxResTime" : 340.0,
    "pct1ResTime" : 294.0,
    "pct2ResTime" : 322.5,
    "pct3ResTime" : 339.70000000000005,
    "throughput" : 0.9152664768958192,
    "receivedKBytesPerSec" : 0.6692623707920834,
    "sentKBytesPerSec" : 0.5085806888219933
  },
  "进站" : {
    "transaction" : "进站",
    "sampleCount" : 108,
    "errorCount" : 0,
    "errorPct" : 0.0,
    "meanResTime" : 20.388888888888886,
    "medianResTime" : 17.0,
    "minResTime" : 13.0,
    "maxResTime" : 82.0,
    "pct1ResTime" : 29.10000000000001,
    "pct2ResTime" : 37.19999999999999,
    "pct3ResTime" : 80.46999999999994,
    "throughput" : 0.9235268464123547,
    "receivedKBytesPerSec" : 0.4265900374541443,
    "sentKBytesPerSec" : 0.44011826274338783
  },
  "查看所有订单" : {
    "transaction" : "查看所有订单",
    "sampleCount" : 108,
    "errorCount" : 0,
    "errorPct" : 0.0,
    "meanResTime" : 18.12962962962963,
    "medianResTime" : 16.0,
    "minResTime" : 12.0,
    "maxResTime" : 65.0,
    "pct1ResTime" : 24.10000000000001,
    "pct2ResTime" : 31.099999999999994,
    "pct3ResTime" : 63.019999999999925,
    "throughput" : 0.9234873619044361,
    "receivedKBytesPerSec" : 0.7530390109279338,
    "sentKBytesPerSec" : 0.6854007764134488
  },
  "获取乘客信息" : {
    "transaction" : "获取乘客信息",
    "sampleCount" : 108,
    "errorCount" : 0,
    "errorPct" : 0.0,
    "meanResTime" : 8.981481481481481,
    "medianResTime" : 8.0,
    "minResTime" : 7.0,
    "maxResTime" : 20.0,
    "pct1ResTime" : 11.0,
    "pct2ResTime" : 13.0,
    "pct3ResTime" : 19.549999999999983,
    "throughput" : 0.9228560686331476,
    "receivedKBytesPerSec" : 0.7957831138701849,
    "sentKBytesPerSec" : 0.44069982183750894
  },
  "托运" : {
    "transaction" : "托运",
    "sampleCount" : 108,
    "errorCount" : 0,
    "errorPct" : 0.0,
    "meanResTime" : 18.166666666666668,
    "medianResTime" : 16.0,
    "minResTime" : 12.0,
    "maxResTime" : 42.0,
    "pct1ResTime" : 25.10000000000001,
    "pct2ResTime" : 30.549999999999997,
    "pct3ResTime" : 41.45999999999998,
    "throughput" : 0.9234557767289144,
    "receivedKBytesPerSec" : 0.7268606992612354,
    "sentKBytesPerSec" : 0.7349770097988919
  },
  "查换乘票" : {
    "transaction" : "查换乘票",
    "sampleCount" : 107,
    "errorCount" : 0,
    "errorPct" : 0.0,
    "meanResTime" : 1254.5514018691595,
    "medianResTime" : 1254.0,
    "minResTime" : 1058.0,
    "maxResTime" : 1502.0,
    "pct1ResTime" : 1344.4,
    "pct2ResTime" : 1376.8,
    "pct3ResTime" : 1500.8,
    "throughput" : 0.9175806742074075,
    "receivedKBytesPerSec" : 1.7169380863512018,
    "sentKBytesPerSec" : 0.5242038031360677
  },
  "Total" : {
    "transaction" : "Total",
    "sampleCount" : 1515,
    "errorCount" : 0,
    "errorPct" : 0.0,
    "meanResTime" : 322.8442244224416,
    "medianResTime" : 36.0,
    "minResTime" : 7.0,
    "maxResTime" : 1502.0,
    "pct1ResTime" : 1232.0,
    "pct2ResTime" : 1283.0,
    "pct3ResTime" : 1365.84,
    "throughput" : 12.59592440782527,
    "receivedKBytesPerSec" : 11.249098435278565,
    "sentKBytesPerSec" : 7.85666075756379
  },
  "订票" : {
    "transaction" : "订票",
    "sampleCount" : 108,
    "errorCount" : 0,
    "errorPct" : 0.0,
    "meanResTime" : 416.3425925925925,
    "medianResTime" : 417.0,
    "minResTime" : 343.0,
    "maxResTime" : 595.0,
    "pct1ResTime" : 473.1,
    "pct2ResTime" : 480.55,
    "pct3ResTime" : 585.9099999999996,
    "throughput" : 0.9198926791874281,
    "receivedKBytesPerSec" : 0.42119326529960394,
    "sentKBytesPerSec" : 0.891146032962821
  },
  "查便宜票" : {
    "transaction" : "查便宜票",
    "sampleCount" : 108,
    "errorCount" : 0,
    "errorPct" : 0.0,
    "meanResTime" : 1215.2037037037037,
    "medianResTime" : 1208.0,
    "minResTime" : 1000.0,
    "maxResTime" : 1427.0,
    "pct1ResTime" : 1343.0,
    "pct2ResTime" : 1366.1,
    "pct3ResTime" : 1426.19,
    "throughput" : 0.9144173129677922,
    "receivedKBytesPerSec" : 1.7110183978858333,
    "sentKBytesPerSec" : 0.5206106381447488
  },
  "取票" : {
    "transaction" : "取票",
    "sampleCount" : 108,
    "errorCount" : 0,
    "errorPct" : 0.0,
    "meanResTime" : 18.620370370370374,
    "medianResTime" : 17.0,
    "minResTime" : 13.0,
    "maxResTime" : 61.0,
    "pct1ResTime" : 26.0,
    "pct2ResTime" : 29.099999999999994,
    "pct3ResTime" : 58.749999999999915,
    "throughput" : 0.9234794654079983,
    "receivedKBytesPerSec" : 0.4265681515019368,
    "sentKBytesPerSec" : 0.4418993535643742
  },
  "查票2" : {
    "transaction" : "查票2",
    "sampleCount" : 109,
    "errorCount" : 0,
    "errorPct" : 0.0,
    "meanResTime" : 40.697247706422004,
    "medianResTime" : 38.0,
    "minResTime" : 32.0,
    "maxResTime" : 94.0,
    "pct1ResTime" : 48.0,
    "pct2ResTime" : 55.0,
    "pct3ResTime" : 92.60000000000008,
    "throughput" : 0.9170221179004401,
    "receivedKBytesPerSec" : 0.4173167059976612,
    "sentKBytesPerSec" : 0.5104517648469246
  },
  "查快速票" : {
    "transaction" : "查快速票",
    "sampleCount" : 105,
    "errorCount" : 0,
    "errorPct" : 0.0,
    "meanResTime" : 1211.8190476190473,
    "medianResTime" : 1220.0,
    "minResTime" : 1047.0,
    "maxResTime" : 1393.0,
    "pct1ResTime" : 1292.2,
    "pct2ResTime" : 1338.8999999999999,
    "pct3ResTime" : 1392.88,
    "throughput" : 0.9088705768298595,
    "receivedKBytesPerSec" : 1.700641227126757,
    "sentKBytesPerSec" : 0.5174526819255938
  }
}