{
  "获取食物" : {
    "transaction" : "获取食物",
    "sampleCount" : 106,
    "errorCount" : 0,
    "errorPct" : 0.0,
    "meanResTime" : 29.537735849056606,
    "medianResTime" : 29.0,
    "minResTime" : 24.0,
    "maxResTime" : 51.0,
    "pct1ResTime" : 34.0,
    "pct2ResTime" : 37.29999999999998,
    "pct3ResTime" : 50.71999999999997,
    "throughput" : 0.8937153263747197,
    "receivedKBytesPerSec" : 0.8263062814065056,
    "sentKBytesPerSec" : 0.41631075261791145
  },
  "支付" : {
    "transaction" : "支付",
    "sampleCount" : 104,
    "errorCount" : 0,
    "errorPct" : 0.0,
    "meanResTime" : 13.076923076923077,
    "medianResTime" : 12.0,
    "minResTime" : 9.0,
    "maxResTime" : 28.0,
    "pct1ResTime" : 16.0,
    "pct2ResTime" : 17.75,
    "pct3ResTime" : 27.750000000000014,
    "throughput" : 0.8854077983994552,
    "receivedKBytesPerSec" : 0.4331926826153584,
    "sentKBytesPerSec" : 0.48247807764345313
  },
  "preseveother" : {
    "transaction" : "preseveother",
    "sampleCount" : 103,
    "errorCount" : 0,
    "errorPct" : 0.0,
    "meanResTime" : 71.76699029126215,
    "medianResTime" : 63.0,
    "minResTime" : 47.0,
    "maxResTime" : 152.0,
    "pct1ResTime" : 103.0,
    "pct2ResTime" : 134.59999999999997,
    "pct3ResTime" : 151.92,
    "throughput" : 0.9000349528137015,
    "receivedKBytesPerSec" : 0.43771231103635094,
    "sentKBytesPerSec" : 0.8815772047579518
  },
  "Login" : {
    "transaction" : "Login",
    "sampleCount" : 5,
    "errorCount" : 0,
    "errorPct" : 0.0,
    "meanResTime" : 155.6,
    "medianResTime" : 125.0,
    "minResTime" : 120.0,
    "maxResTime" : 282.0,
    "pct1ResTime" : 282.0,
    "pct2ResTime" : 282.0,
    "pct3ResTime" : 282.0,
    "throughput" : 0.6406149903907751,
    "receivedKBytesPerSec" : 0.4929732543241512,
    "sentKBytesPerSec" : 0.18517777065983346
  },
  "查票" : {
    "transaction" : "查票",
    "sampleCount" : 107,
    "errorCount" : 0,
    "errorPct" : 0.0,
    "meanResTime" : 297.7289719626169,
    "medianResTime" : 295.0,
    "minResTime" : 217.0,
    "maxResTime" : 448.0,
    "pct1ResTime" : 359.4,
    "pct2ResTime" : 380.79999999999995,
    "pct3ResTime" : 444.4000000000001,
    "throughput" : 0.8991898887357558,
    "receivedKBytesPerSec" : 0.6575030620777169,
    "sentKBytesPerSec" : 0.4996475065338331
  },
  "进站" : {
    "transaction" : "进站",
    "sampleCount" : 105,
    "errorCount" : 0,
    "errorPct" : 0.0,
    "meanResTime" : 17.42857142857142,
    "medianResTime" : 16.0,
    "minResTime" : 11.0,
    "maxResTime" : 47.0,
    "pct1ResTime" : 24.400000000000006,
    "pct2ResTime" : 31.099999999999966,
    "pct3ResTime" : 46.639999999999986,
    "throughput" : 0.8926749642930014,
    "receivedKBytesPerSec" : 0.41233911924862277,
    "sentKBytesPerSec" : 0.4254154126708835
  },
  "查看所有订单" : {
    "transaction" : "查看所有订单",
    "sampleCount" : 105,
    "errorCount" : 0,
    "errorPct" : 0.0,
    "meanResTime" : 16.91428571428571,
    "medianResTime" : 15.0,
    "minResTime" : 12.0,
    "maxResTime" : 45.0,
    "pct1ResTime" : 22.0,
    "pct2ResTime" : 27.099999999999966,
    "pct3ResTime" : 44.339999999999975,
    "throughput" : 0.8925914906277893,
    "receivedKBytesPerSec" : 0.7278456002677774,
    "sentKBytesPerSec" : 0.6624702469503124
  },
  "获取乘客信息" : {
    "transaction" : "获取乘客信息",
    "sampleCount" : 105,
    "errorCount" : 0,
    "errorPct" : 0.0,
    "meanResTime" : 8.457142857142857,
    "medianResTime" : 8.0,
    "minResTime" : 6.0,
    "maxResTime" : 20.0,
    "pct1ResTime" : 11.0,
    "pct2ResTime" : 12.0,
    "pct3ResTime" : 19.579999999999984,
    "throughput" : 0.8931989281612862,
    "receivedKBytesPerSec" : 0.7702096226234528,
    "sentKBytesPerSec" : 0.4265373787801454
  },
  "托运" : {
    "transaction" : "托运",
    "sampleCount" : 105,
    "errorCount" : 0,
    "errorPct" : 0.0,
    "meanResTime" : 14.333333333333336,
    "medianResTime" : 13.0,
    "minResTime" : 11.0,
    "maxResTime" : 28.0,
    "pct1ResTime" : 20.0,
    "pct2ResTime" : 23.0,
    "pct3ResTime" : 27.75999999999999,
    "throughput" : 0.8926218428815533,
    "receivedKBytesPerSec" : 0.7025910208618477,
    "sentKBytesPerSec" : 0.7104363300277988
  },
  "查换乘票" : {
    "transaction" : "查换乘票",
    "sampleCount" : 103,
    "errorCount" : 0,
    "errorPct" : 0.0,
    "meanResTime" : 1245.6699029126212,
    "medianResTime" : 1242.0,
    "minResTime" : 1075.0,
    "maxResTime" : 1473.0,
    "pct1ResTime" : 1336.6,
    "pct2ResTime" : 1357.0,
    "pct3ResTime" : 1471.5999999999997,
    "throughput" : 0.8913504391848038,
    "receivedKBytesPerSec" : 1.6678593932542944,
    "sentKBytesPerSec" : 0.5092187567608498
  },
  "Total" : {
    "transaction" : "Total",
    "sampleCount" : 1471,
    "errorCount" : 0,
    "errorPct" : 0.0,
    "meanResTime" : 334.02379333786587,
    "medianResTime" : 35.0,
    "minResTime" : 6.0,
    "maxResTime" : 1581.0,
    "pct1ResTime" : 1221.0,
    "pct2ResTime" : 1279.1999999999996,
    "pct3ResTime" : 1367.3199999999995,
    "throughput" : 12.19249386645448,
    "receivedKBytesPerSec" : 10.884954967135801,
    "sentKBytesPerSec" : 7.602112654167496
  },
  "订票" : {
    "transaction" : "订票",
    "sampleCount" : 105,
    "errorCount" : 0,
    "errorPct" : 0.0,
    "meanResTime" : 535.6857142857144,
    "medianResTime" : 523.0,
    "minResTime" : 426.0,
    "maxResTime" : 908.0,
    "pct1ResTime" : 617.4,
    "pct2ResTime" : 640.1999999999998,
    "pct3ResTime" : 900.9199999999997,
    "throughput" : 0.8888738391730934,
    "receivedKBytesPerSec" : 0.4070698273891659,
    "sentKBytesPerSec" : 0.8610965316989342
  },
  "查便宜票" : {
    "transaction" : "查便宜票",
    "sampleCount" : 104,
    "errorCount" : 0,
    "errorPct" : 0.0,
    "meanResTime" : 1204.0000000000007,
    "medianResTime" : 1196.5,
    "minResTime" : 991.0,
    "maxResTime" : 1425.0,
    "pct1ResTime" : 1315.5,
    "pct2ResTime" : 1356.0,
    "pct3ResTime" : 1424.95,
    "throughput" : 0.877067222142574,
    "receivedKBytesPerSec" : 1.6410749976808319,
    "sentKBytesPerSec" : 0.49934588916906314
  },
  "取票" : {
    "transaction" : "取票",
    "sampleCount" : 105,
    "errorCount" : 0,
    "errorPct" : 0.0,
    "meanResTime" : 18.476190476190467,
    "medianResTime" : 16.0,
    "minResTime" : 11.0,
    "maxResTime" : 66.0,
    "pct1ResTime" : 29.0,
    "pct2ResTime" : 32.69999999999999,
    "pct3ResTime" : 64.73999999999995,
    "throughput" : 0.8926673751328374,
    "receivedKBytesPerSec" : 0.4123356137088204,
    "sentKBytesPerSec" : 0.42715528692879917
  },
  "查票2" : {
    "transaction" : "查票2",
    "sampleCount" : 106,
    "errorCount" : 0,
    "errorPct" : 0.0,
    "meanResTime" : 39.75471698113207,
    "medianResTime" : 37.0,
    "minResTime" : 31.0,
    "maxResTime" : 67.0,
    "pct1ResTime" : 48.89999999999999,
    "pct2ResTime" : 55.64999999999999,
    "pct3ResTime" : 66.78999999999998,
    "throughput" : 0.8935721812434141,
    "receivedKBytesPerSec" : 0.4066451527924131,
    "sentKBytesPerSec" : 0.4973985774499473
  },
  "查快速票" : {
    "transaction" : "查快速票",
    "sampleCount" : 103,
    "errorCount" : 0,
    "errorPct" : 0.0,
    "meanResTime" : 1212.7281553398059,
    "medianResTime" : 1202.0,
    "minResTime" : 978.0,
    "maxResTime" : 1581.0,
    "pct1ResTime" : 1329.8,
    "pct2ResTime" : 1416.3999999999999,
    "pct3ResTime" : 1577.1999999999994,
    "throughput" : 0.8922615799093878,
    "receivedKBytesPerSec" : 1.669505065533581,
    "sentKBytesPerSec" : 0.5079965830929425
  }
}