{
  "获取食物" : {
    "transaction" : "获取食物",
    "sampleCount" : 68,
    "errorCount" : 0,
    "errorPct" : 0.0,
    "meanResTime" : 27.632352941176467,
    "medianResTime" : 27.0,
    "minResTime" : 23.0,
    "maxResTime" : 42.0,
    "pct1ResTime" : 34.0,
    "pct2ResTime" : 36.099999999999994,
    "pct3ResTime" : 42.0,
    "throughput" : 0.8948781386534717,
    "receivedKBytesPerSec" : 0.8275874973680055,
    "sentKBytesPerSec" : 0.4168524141969785
  },
  "支付" : {
    "transaction" : "支付",
    "sampleCount" : 67,
    "errorCount" : 0,
    "errorPct" : 0.0,
    "meanResTime" : 13.447761194029846,
    "medianResTime" : 12.0,
    "minResTime" : 10.0,
    "maxResTime" : 36.0,
    "pct1ResTime" : 15.200000000000003,
    "pct2ResTime" : 25.999999999999943,
    "pct3ResTime" : 36.0,
    "throughput" : 0.8995945111308037,
    "receivedKBytesPerSec" : 0.440133642652864,
    "sentKBytesPerSec" : 0.490208727745106
  },
  "preseveother" : {
    "transaction" : "preseveother",
    "sampleCount" : 67,
    "errorCount" : 0,
    "errorPct" : 0.0,
    "meanResTime" : 74.16417910447758,
    "medianResTime" : 68.0,
    "minResTime" : 49.0,
    "maxResTime" : 155.0,
    "pct1ResTime" : 102.2,
    "pct2ResTime" : 113.19999999999999,
    "pct3ResTime" : 155.0,
    "throughput" : 0.8988341986289424,
    "receivedKBytesPerSec" : 0.4371283505050912,
    "sentKBytesPerSec" : 0.8804010754148723
  },
  "Login" : {
    "transaction" : "Login",
    "sampleCount" : 5,
    "errorCount" : 0,
    "errorPct" : 0.0,
    "meanResTime" : 152.0,
    "medianResTime" : 125.0,
    "minResTime" : 118.0,
    "maxResTime" : 244.0,
    "pct1ResTime" : 244.0,
    "pct2ResTime" : 244.0,
    "pct3ResTime" : 244.0,
    "throughput" : 0.638814360546825,
    "receivedKBytesPerSec" : 0.491587613389549,
    "sentKBytesPerSec" : 0.18465727609556662
  },
  "查票" : {
    "transaction" : "查票",
    "sampleCount" : 68,
    "errorCount" : 0,
    "errorPct" : 0.0,
    "meanResTime" : 307.14705882352945,
    "medianResTime" : 303.0,
    "minResTime" : 230.0,
    "maxResTime" : 429.0,
    "pct1ResTime" : 367.1,
    "pct2ResTime" : 384.84999999999997,
    "pct3ResTime" : 429.0,
    "throughput" : 0.8911137611553027,
    "receivedKBytesPerSec" : 0.6514810466327694,
    "sentKBytesPerSec" : 0.49515989267321026
  },
  "进站" : {
    "transaction" : "进站",
    "sampleCount" : 67,
    "errorCount" : 0,
    "errorPct" : 0.0,
    "meanResTime" : 17.46268656716418,
    "medianResTime" : 16.0,
    "minResTime" : 12.0,
    "maxResTime" : 37.0,
    "pct1ResTime" : 26.0,
    "pct2ResTime" : 32.0,
    "pct3ResTime" : 37.0,
    "throughput" : 0.899497892221357,
    "receivedKBytesPerSec" : 0.41549072560615413,
    "sentKBytesPerSec" : 0.42866696426174045
  },
  "查看所有订单" : {
    "transaction" : "查看所有订单",
    "sampleCount" : 68,
    "errorCount" : 0,
    "errorPct" : 0.0,
    "meanResTime" : 16.352941176470587,
    "medianResTime" : 15.0,
    "minResTime" : 12.0,
    "maxResTime" : 39.0,
    "pct1ResTime" : 21.1,
    "pct2ResTime" : 23.549999999999997,
    "pct3ResTime" : 39.0,
    "throughput" : 0.8934202228295144,
    "receivedKBytesPerSec" : 0.7285213731080513,
    "sentKBytesPerSec" : 0.6630853216312803
  },
  "获取乘客信息" : {
    "transaction" : "获取乘客信息",
    "sampleCount" : 68,
    "errorCount" : 0,
    "errorPct" : 0.0,
    "meanResTime" : 8.308823529411766,
    "medianResTime" : 8.0,
    "minResTime" : 7.0,
    "maxResTime" : 15.0,
    "pct1ResTime" : 9.0,
    "pct2ResTime" : 10.549999999999997,
    "pct3ResTime" : 15.0,
    "throughput" : 0.8952905086040052,
    "receivedKBytesPerSec" : 0.7720132022434927,
    "sentKBytesPerSec" : 0.42753619014390476
  },
  "托运" : {
    "transaction" : "托运",
    "sampleCount" : 68,
    "errorCount" : 0,
    "errorPct" : 0.0,
    "meanResTime" : 13.455882352941176,
    "medianResTime" : 13.0,
    "minResTime" : 12.0,
    "maxResTime" : 20.0,
    "pct1ResTime" : 16.0,
    "pct2ResTime" : 17.549999999999997,
    "pct3ResTime" : 20.0,
    "throughput" : 0.8934789178393577,
    "receivedKBytesPerSec" : 0.7032656325962132,
    "sentKBytesPerSec" : 0.7111184746475357
  },
  "查换乘票" : {
    "transaction" : "查换乘票",
    "sampleCount" : 64,
    "errorCount" : 0,
    "errorPct" : 0.0,
    "meanResTime" : 1225.4531250000002,
    "medianResTime" : 1216.5,
    "minResTime" : 1019.0,
    "maxResTime" : 1383.0,
    "pct1ResTime" : 1323.0,
    "pct2ResTime" : 1361.25,
    "pct3ResTime" : 1383.0,
    "throughput" : 0.8646779074794638,
    "receivedKBytesPerSec" : 1.617893428447903,
    "sentKBytesPerSec" : 0.49398103112840464
  },
  "Total" : {
    "transaction" : "Total",
    "sampleCount" : 944,
    "errorCount" : 0,
    "errorPct" : 0.0,
    "meanResTime" : 329.6080508474576,
    "medianResTime" : 33.5,
    "minResTime" : 7.0,
    "maxResTime" : 1517.0,
    "pct1ResTime" : 1217.0,
    "pct2ResTime" : 1268.75,
    "pct3ResTime" : 1353.2999999999997,
    "throughput" : 12.110016420361248,
    "receivedKBytesPerSec" : 10.735698129938937,
    "sentKBytesPerSec" : 7.554340832339132
  },
  "订票" : {
    "transaction" : "订票",
    "sampleCount" : 68,
    "errorCount" : 0,
    "errorPct" : 0.0,
    "meanResTime" : 566.0147058823529,
    "medianResTime" : 558.5,
    "minResTime" : 441.0,
    "maxResTime" : 804.0,
    "pct1ResTime" : 650.4,
    "pct2ResTime" : 716.75,
    "pct3ResTime" : 804.0,
    "throughput" : 0.8879834939538771,
    "receivedKBytesPerSec" : 0.4067033776019222,
    "sentKBytesPerSec" : 0.8602340097678184
  },
  "查便宜票" : {
    "transaction" : "查便宜票",
    "sampleCount" : 67,
    "errorCount" : 0,
    "errorPct" : 0.0,
    "meanResTime" : 1202.5074626865678,
    "medianResTime" : 1203.0,
    "minResTime" : 1002.0,
    "maxResTime" : 1517.0,
    "pct1ResTime" : 1330.4,
    "pct2ResTime" : 1359.1999999999998,
    "pct3ResTime" : 1517.0,
    "throughput" : 0.8856108070954609,
    "receivedKBytesPerSec" : 1.6570608460887726,
    "sentKBytesPerSec" : 0.5042100591178259
  },
  "取票" : {
    "transaction" : "取票",
    "sampleCount" : 68,
    "errorCount" : 0,
    "errorPct" : 0.0,
    "meanResTime" : 18.411764705882366,
    "medianResTime" : 16.5,
    "minResTime" : 13.0,
    "maxResTime" : 55.0,
    "pct1ResTime" : 24.1,
    "pct2ResTime" : 31.949999999999974,
    "pct3ResTime" : 55.0,
    "throughput" : 0.8934906577667989,
    "receivedKBytesPerSec" : 0.4127158995348593,
    "sentKBytesPerSec" : 0.4275492405329409
  },
  "查票2" : {
    "transaction" : "查票2",
    "sampleCount" : 68,
    "errorCount" : 0,
    "errorPct" : 0.0,
    "meanResTime" : 39.47058823529412,
    "medianResTime" : 37.0,
    "minResTime" : 30.0,
    "maxResTime" : 79.0,
    "pct1ResTime" : 48.400000000000006,
    "pct2ResTime" : 56.84999999999998,
    "pct3ResTime" : 79.0,
    "throughput" : 0.8945485161018732,
    "receivedKBytesPerSec" : 0.4070894614291728,
    "sentKBytesPerSec" : 0.4979420450957693
  },
  "查快速票" : {
    "transaction" : "查快速票",
    "sampleCount" : 63,
    "errorCount" : 0,
    "errorPct" : 0.0,
    "meanResTime" : 1215.412698412698,
    "medianResTime" : 1228.0,
    "minResTime" : 986.0,
    "maxResTime" : 1392.0,
    "pct1ResTime" : 1327.2,
    "pct2ResTime" : 1354.4,
    "pct3ResTime" : 1392.0,
    "throughput" : 0.8789552988448016,
    "receivedKBytesPerSec" : 1.6447031389516713,
    "sentKBytesPerSec" : 0.5004208390883977
  }
}