{
  "获取食物" : {
    "transaction" : "获取食物",
    "sampleCount" : 439,
    "errorCount" : 0,
    "errorPct" : 0.0,
    "meanResTime" : 33.674259681093375,
    "medianResTime" : 32.0,
    "minResTime" : 23.0,
    "maxResTime" : 132.0,
    "pct1ResTime" : 43.0,
    "pct2ResTime" : 51.0,
    "pct3ResTime" : 69.20000000000005,
    "throughput" : 0.7508650341481103,
    "receivedKBytesPerSec" : 0.6943283392541636,
    "sentKBytesPerSec" : 0.3497681848521959
  },
  "支付" : {
    "transaction" : "支付",
    "sampleCount" : 438,
    "errorCount" : 0,
    "errorPct" : 0.0,
    "meanResTime" : 41.94977168949773,
    "medianResTime" : 19.5,
    "minResTime" : 10.0,
    "maxResTime" : 1579.0,
    "pct1ResTime" : 43.10000000000002,
    "pct2ResTime" : 58.29999999999973,
    "pct3ResTime" : 1559.22,
    "throughput" : 0.7593567312293258,
    "receivedKBytesPerSec" : 0.37152121322841036,
    "sentKBytesPerSec" : 0.41379009377535525
  },
  "preseveother" : {
    "transaction" : "preseveother",
    "sampleCount" : 435,
    "errorCount" : 0,
    "errorPct" : 0.0,
    "meanResTime" : 85.41839080459765,
    "medianResTime" : 81.0,
    "minResTime" : 53.0,
    "maxResTime" : 187.0,
    "pct1ResTime" : 116.40000000000003,
    "pct2ResTime" : 128.2,
    "pct3ResTime" : 150.19999999999993,
    "throughput" : 0.7652576543357563,
    "receivedKBytesPerSec" : 0.3721663201750065,
    "sentKBytesPerSec" : 0.7495638938464488
  },
  "Login" : {
    "transaction" : "Login",
    "sampleCount" : 5,
    "errorCount" : 0,
    "errorPct" : 0.0,
    "meanResTime" : 286.6,
    "medianResTime" : 162.0,
    "minResTime" : 136.0,
    "maxResTime" : 775.0,
    "pct1ResTime" : 775.0,
    "pct2ResTime" : 775.0,
    "pct3ResTime" : 775.0,
    "throughput" : 0.6519754857217369,
    "receivedKBytesPerSec" : 0.5017155104968053,
    "sentKBytesPerSec" : 0.18846166384143956
  },
  "查票" : {
    "transaction" : "查票",
    "sampleCount" : 440,
    "errorCount" : 0,
    "errorPct" : 0.0,
    "meanResTime" : 426.8750000000001,
    "medianResTime" : 387.0,
    "minResTime" : 258.0,
    "maxResTime" : 1583.0,
    "pct1ResTime" : 571.3000000000002,
    "pct2ResTime" : 710.4999999999999,
    "pct3ResTime" : 969.5399999999998,
    "throughput" : 0.7465978891641497,
    "receivedKBytesPerSec" : 0.546758344079818,
    "sentKBytesPerSec" : 0.41485761614687616
  },
  "进站" : {
    "transaction" : "进站",
    "sampleCount" : 439,
    "errorCount" : 0,
    "errorPct" : 0.0,
    "meanResTime" : 32.15945330296126,
    "medianResTime" : 24.0,
    "minResTime" : 13.0,
    "maxResTime" : 454.0,
    "pct1ResTime" : 50.0,
    "pct2ResTime" : 66.0,
    "pct3ResTime" : 209.8000000000029,
    "throughput" : 0.7605274145013001,
    "receivedKBytesPerSec" : 0.35123909448730234,
    "sentKBytesPerSec" : 0.36243884597327586
  },
  "查看所有订单" : {
    "transaction" : "查看所有订单",
    "sampleCount" : 439,
    "errorCount" : 0,
    "errorPct" : 0.0,
    "meanResTime" : 21.640091116173128,
    "medianResTime" : 19.0,
    "minResTime" : 11.0,
    "maxResTime" : 101.0,
    "pct1ResTime" : 32.0,
    "pct2ResTime" : 40.0,
    "pct3ResTime" : 77.60000000000014,
    "throughput" : 0.7575286963604111,
    "receivedKBytesPerSec" : 0.6177113881454525,
    "sentKBytesPerSec" : 0.5622283293299927
  },
  "获取乘客信息" : {
    "transaction" : "获取乘客信息",
    "sampleCount" : 439,
    "errorCount" : 0,
    "errorPct" : 0.0,
    "meanResTime" : 9.931662870159457,
    "medianResTime" : 8.0,
    "minResTime" : 6.0,
    "maxResTime" : 41.0,
    "pct1ResTime" : 15.0,
    "pct2ResTime" : 19.0,
    "pct3ResTime" : 30.600000000000023,
    "throughput" : 0.7509485215380247,
    "receivedKBytesPerSec" : 0.6475464301934334,
    "sentKBytesPerSec" : 0.35860725296102935
  },
  "托运" : {
    "transaction" : "托运",
    "sampleCount" : 439,
    "errorCount" : 0,
    "errorPct" : 0.0,
    "meanResTime" : 33.537585421412295,
    "medianResTime" : 24.0,
    "minResTime" : 14.0,
    "maxResTime" : 263.0,
    "pct1ResTime" : 55.0,
    "pct2ResTime" : 77.0,
    "pct3ResTime" : 234.2000000000005,
    "throughput" : 0.7575927533405699,
    "receivedKBytesPerSec" : 0.5962409475000302,
    "sentKBytesPerSec" : 0.6029668886450825
  },
  "查换乘票" : {
    "transaction" : "查换乘票",
    "sampleCount" : 435,
    "errorCount" : 0,
    "errorPct" : 0.0,
    "meanResTime" : 1373.2988505747123,
    "medianResTime" : 1325.0,
    "minResTime" : 1060.0,
    "maxResTime" : 3016.0,
    "pct1ResTime" : 1538.6000000000004,
    "pct2ResTime" : 1851.0,
    "pct3ResTime" : 2820.7199999999984,
    "throughput" : 0.7635235823473348,
    "receivedKBytesPerSec" : 1.426330752491983,
    "sentKBytesPerSec" : 0.43619267155585045
  },
  "Total" : {
    "transaction" : "Total",
    "sampleCount" : 6136,
    "errorCount" : 0,
    "errorPct" : 0.0,
    "meanResTime" : 417.15987614080876,
    "medianResTime" : 47.0,
    "minResTime" : 6.0,
    "maxResTime" : 5803.0,
    "pct1ResTime" : 1344.3000000000002,
    "pct2ResTime" : 1441.1499999999996,
    "pct3ResTime" : 1850.63,
    "throughput" : 10.39251386712961,
    "receivedKBytesPerSec" : 9.289269911504425,
    "sentKBytesPerSec" : 6.492547410234154
  },
  "订票" : {
    "transaction" : "订票",
    "sampleCount" : 439,
    "errorCount" : 0,
    "errorPct" : 0.0,
    "meanResTime" : 961.5899772209566,
    "medianResTime" : 867.0,
    "minResTime" : 561.0,
    "maxResTime" : 5803.0,
    "pct1ResTime" : 1298.0,
    "pct2ResTime" : 1491.0,
    "pct3ResTime" : 3188.400000000045,
    "throughput" : 0.7500337429759083,
    "receivedKBytesPerSec" : 0.34344623313064765,
    "sentKBytesPerSec" : 0.7265951885079112
  },
  "查便宜票" : {
    "transaction" : "查便宜票",
    "sampleCount" : 435,
    "errorCount" : 0,
    "errorPct" : 0.0,
    "meanResTime" : 1395.5563218390796,
    "medianResTime" : 1345.0,
    "minResTime" : 1080.0,
    "maxResTime" : 3316.0,
    "pct1ResTime" : 1595.2000000000003,
    "pct2ResTime" : 1728.0,
    "pct3ResTime" : 3226.84,
    "throughput" : 0.7610509851673788,
    "receivedKBytesPerSec" : 1.4218005624341736,
    "sentKBytesPerSec" : 0.4332936761255682
  },
  "取票" : {
    "transaction" : "取票",
    "sampleCount" : 439,
    "errorCount" : 0,
    "errorPct" : 0.0,
    "meanResTime" : 53.268792710706144,
    "medianResTime" : 24.0,
    "minResTime" : 13.0,
    "maxResTime" : 2062.0,
    "pct1ResTime" : 50.0,
    "pct2ResTime" : 65.0,
    "pct3ResTime" : 1996.0000000000005,
    "throughput" : 0.7578386235302851,
    "receivedKBytesPerSec" : 0.35005631731428205,
    "sentKBytesPerSec" : 0.3626376225877341
  },
  "查票2" : {
    "transaction" : "查票2",
    "sampleCount" : 440,
    "errorCount" : 0,
    "errorPct" : 0.0,
    "meanResTime" : 60.57045454545454,
    "medianResTime" : 45.0,
    "minResTime" : 31.0,
    "maxResTime" : 1963.0,
    "pct1ResTime" : 72.90000000000003,
    "pct2ResTime" : 93.89999999999998,
    "pct3ResTime" : 189.84999999999962,
    "throughput" : 0.7485641179192639,
    "receivedKBytesPerSec" : 0.3406551552249775,
    "sentKBytesPerSec" : 0.41668119845115276
  },
  "查快速票" : {
    "transaction" : "查快速票",
    "sampleCount" : 435,
    "errorCount" : 0,
    "errorPct" : 0.0,
    "meanResTime" : 1335.1586206896552,
    "medianResTime" : 1292.0,
    "minResTime" : 1013.0,
    "maxResTime" : 2619.0,
    "pct1ResTime" : 1528.8000000000002,
    "pct2ResTime" : 1642.5999999999995,
    "pct3ResTime" : 2319.999999999998,
    "throughput" : 0.7650880642744327,
    "receivedKBytesPerSec" : 1.4293100263251852,
    "sentKBytesPerSec" : 0.4355921303437444
  }
}