{
  "获取食物" : {
    "transaction" : "获取食物",
    "sampleCount" : 110,
    "errorCount" : 0,
    "errorPct" : 0.0,
    "meanResTime" : 31.727272727272727,
    "medianResTime" : 30.0,
    "minResTime" : 26.0,
    "maxResTime" : 57.0,
    "pct1ResTime" : 38.900000000000006,
    "pct2ResTime" : 43.0,
    "pct3ResTime" : 56.120000000000005,
    "throughput" : 0.9269324434781876,
    "receivedKBytesPerSec" : 0.8570257397552898,
    "sentKBytesPerSec" : 0.4317839604873979
  },
  "支付" : {
    "transaction" : "支付",
    "sampleCount" : 108,
    "errorCount" : 0,
    "errorPct" : 0.0,
    "meanResTime" : 14.342592592592597,
    "medianResTime" : 13.0,
    "minResTime" : 10.0,
    "maxResTime" : 41.0,
    "pct1ResTime" : 18.10000000000001,
    "pct2ResTime" : 22.099999999999994,
    "pct3ResTime" : 40.45999999999998,
    "throughput" : 0.9278589654372535,
    "receivedKBytesPerSec" : 0.45396224773834376,
    "sentKBytesPerSec" : 0.5056106471816284
  },
  "preseveother" : {
    "transaction" : "preseveother",
    "sampleCount" : 107,
    "errorCount" : 0,
    "errorPct" : 0.0,
    "meanResTime" : 56.504672897196265,
    "medianResTime" : 50.0,
    "minResTime" : 36.0,
    "maxResTime" : 138.0,
    "pct1ResTime" : 83.0,
    "pct2ResTime" : 89.79999999999998,
    "pct3ResTime" : 135.28000000000006,
    "throughput" : 0.9213653428856818,
    "receivedKBytesPerSec" : 0.4480858796455757,
    "sentKBytesPerSec" : 0.902470155189784
  },
  "Login" : {
    "transaction" : "Login",
    "sampleCount" : 5,
    "errorCount" : 0,
    "errorPct" : 0.0,
    "meanResTime" : 147.2,
    "medianResTime" : 138.0,
    "minResTime" : 117.0,
    "maxResTime" : 212.0,
    "pct1ResTime" : 212.0,
    "pct2ResTime" : 212.0,
    "pct3ResTime" : 212.0,
    "throughput" : 0.6333122229259025,
    "receivedKBytesPerSec" : 0.4873535465484484,
    "sentKBytesPerSec" : 0.1830668144395187
  },
  "查票" : {
    "transaction" : "查票",
    "sampleCount" : 110,
    "errorCount" : 0,
    "errorPct" : 0.0,
    "meanResTime" : 229.709090909091,
    "medianResTime" : 228.0,
    "minResTime" : 185.0,
    "maxResTime" : 348.0,
    "pct1ResTime" : 267.6,
    "pct2ResTime" : 279.9,
    "pct3ResTime" : 344.37,
    "throughput" : 0.9248827080565692,
    "receivedKBytesPerSec" : 0.6762958473817412,
    "sentKBytesPerSec" : 0.5139240828947147
  },
  "进站" : {
    "transaction" : "进站",
    "sampleCount" : 108,
    "errorCount" : 0,
    "errorPct" : 0.0,
    "meanResTime" : 18.148148148148152,
    "medianResTime" : 16.0,
    "minResTime" : 13.0,
    "maxResTime" : 44.0,
    "pct1ResTime" : 25.300000000000026,
    "pct2ResTime" : 32.55,
    "pct3ResTime" : 43.91,
    "throughput" : 0.9278111388881729,
    "receivedKBytesPerSec" : 0.4285690123965877,
    "sentKBytesPerSec" : 0.44215999587639493
  },
  "查看所有订单" : {
    "transaction" : "查看所有订单",
    "sampleCount" : 108,
    "errorCount" : 0,
    "errorPct" : 0.0,
    "meanResTime" : 17.5,
    "medianResTime" : 16.0,
    "minResTime" : 12.0,
    "maxResTime" : 39.0,
    "pct1ResTime" : 24.0,
    "pct2ResTime" : 26.549999999999997,
    "pct3ResTime" : 38.099999999999966,
    "throughput" : 0.9275880135015588,
    "receivedKBytesPerSec" : 0.7563828039783219,
    "sentKBytesPerSec" : 0.6884442287706882
  },
  "获取乘客信息" : {
    "transaction" : "获取乘客信息",
    "sampleCount" : 110,
    "errorCount" : 0,
    "errorPct" : 0.0,
    "meanResTime" : 8.772727272727275,
    "medianResTime" : 8.0,
    "minResTime" : 7.0,
    "maxResTime" : 14.0,
    "pct1ResTime" : 11.0,
    "pct2ResTime" : 12.0,
    "pct3ResTime" : 13.89,
    "throughput" : 0.927221538513411,
    "receivedKBytesPerSec" : 0.799547479011076,
    "sentKBytesPerSec" : 0.44278450423150195
  },
  "托运" : {
    "transaction" : "托运",
    "sampleCount" : 108,
    "errorCount" : 0,
    "errorPct" : 0.0,
    "meanResTime" : 17.037037037037045,
    "medianResTime" : 15.0,
    "minResTime" : 13.0,
    "maxResTime" : 39.0,
    "pct1ResTime" : 22.200000000000017,
    "pct2ResTime" : 28.19999999999999,
    "pct3ResTime" : 38.81999999999999,
    "throughput" : 0.9276597206713508,
    "receivedKBytesPerSec" : 0.7301696629503015,
    "sentKBytesPerSec" : 0.7383229222140145
  },
  "查换乘票" : {
    "transaction" : "查换乘票",
    "sampleCount" : 107,
    "errorCount" : 0,
    "errorPct" : 0.0,
    "meanResTime" : 1259.336448598131,
    "medianResTime" : 1246.0,
    "minResTime" : 1112.0,
    "maxResTime" : 1469.0,
    "pct1ResTime" : 1373.0,
    "pct2ResTime" : 1411.1999999999998,
    "pct3ResTime" : 1466.2,
    "throughput" : 0.9107468123861566,
    "receivedKBytesPerSec" : 1.7041508536123453,
    "sentKBytesPerSec" : 0.5202996926229508
  },
  "Total" : {
    "transaction" : "Total",
    "sampleCount" : 1523,
    "errorCount" : 0,
    "errorPct" : 0.0,
    "meanResTime" : 321.8404464871968,
    "medianResTime" : 36.0,
    "minResTime" : 7.0,
    "maxResTime" : 1469.0,
    "pct1ResTime" : 1221.2000000000003,
    "pct2ResTime" : 1279.0,
    "pct3ResTime" : 1378.04,
    "throughput" : 12.589273905568048,
    "receivedKBytesPerSec" : 11.238864010216902,
    "sentKBytesPerSec" : 7.852926406890623
  },
  "订票" : {
    "transaction" : "订票",
    "sampleCount" : 110,
    "errorCount" : 0,
    "errorPct" : 0.0,
    "meanResTime" : 430.4363636363637,
    "medianResTime" : 419.5,
    "minResTime" : 352.0,
    "maxResTime" : 591.0,
    "pct1ResTime" : 503.9,
    "pct2ResTime" : 519.1499999999999,
    "pct3ResTime" : 589.13,
    "throughput" : 0.9233222814454191,
    "receivedKBytesPerSec" : 0.4227248761908759,
    "sentKBytesPerSec" : 0.8944684601502497
  },
  "查便宜票" : {
    "transaction" : "查便宜票",
    "sampleCount" : 108,
    "errorCount" : 0,
    "errorPct" : 0.0,
    "meanResTime" : 1199.4999999999998,
    "medianResTime" : 1198.5,
    "minResTime" : 1032.0,
    "maxResTime" : 1381.0,
    "pct1ResTime" : 1300.3000000000002,
    "pct2ResTime" : 1342.3,
    "pct3ResTime" : 1380.82,
    "throughput" : 0.9177664284439611,
    "receivedKBytesPerSec" : 1.7172270282213176,
    "sentKBytesPerSec" : 0.5225174099441692
  },
  "取票" : {
    "transaction" : "取票",
    "sampleCount" : 108,
    "errorCount" : 0,
    "errorPct" : 0.0,
    "meanResTime" : 18.129629629629644,
    "medianResTime" : 16.5,
    "minResTime" : 13.0,
    "maxResTime" : 54.0,
    "pct1ResTime" : 23.10000000000001,
    "pct2ResTime" : 30.299999999999983,
    "pct3ResTime" : 53.099999999999966,
    "throughput" : 0.9276358170496027,
    "receivedKBytesPerSec" : 0.4284880287738888,
    "sentKBytesPerSec" : 0.4438882327678763
  },
  "查票2" : {
    "transaction" : "查票2",
    "sampleCount" : 110,
    "errorCount" : 0,
    "errorPct" : 0.0,
    "meanResTime" : 40.90909090909091,
    "medianResTime" : 39.0,
    "minResTime" : 31.0,
    "maxResTime" : 102.0,
    "pct1ResTime" : 49.70000000000002,
    "pct2ResTime" : 54.0,
    "pct3ResTime" : 101.56,
    "throughput" : 0.926815294137472,
    "receivedKBytesPerSec" : 0.4217733662774042,
    "sentKBytesPerSec" : 0.5159030445882412
  },
  "查快速票" : {
    "transaction" : "查快速票",
    "sampleCount" : 106,
    "errorCount" : 0,
    "errorPct" : 0.0,
    "meanResTime" : 1210.5471698113206,
    "medianResTime" : 1208.5,
    "minResTime" : 1035.0,
    "maxResTime" : 1419.0,
    "pct1ResTime" : 1318.2,
    "pct2ResTime" : 1376.1499999999999,
    "pct3ResTime" : 1417.1799999999998,
    "throughput" : 0.9128880850880593,
    "receivedKBytesPerSec" : 1.7082758068509667,
    "sentKBytesPerSec" : 0.51973999375619
  }
}