{
  "获取食物" : {
    "transaction" : "获取食物",
    "sampleCount" : 92,
    "errorCount" : 0,
    "errorPct" : 0.0,
    "meanResTime" : 27.684782608695638,
    "medianResTime" : 27.0,
    "minResTime" : 23.0,
    "maxResTime" : 52.0,
    "pct1ResTime" : 33.0,
    "pct2ResTime" : 36.0,
    "pct3ResTime" : 52.0,
    "throughput" : 0.9245209072363859,
    "receivedKBytesPerSec" : 0.8547559283647035,
    "sentKBytesPerSec" : 0.43066061792163685
  },
  "支付" : {
    "transaction" : "支付",
    "sampleCount" : 89,
    "errorCount" : 0,
    "errorPct" : 0.0,
    "meanResTime" : 13.0,
    "medianResTime" : 12.0,
    "minResTime" : 10.0,
    "maxResTime" : 25.0,
    "pct1ResTime" : 18.0,
    "pct2ResTime" : 20.0,
    "pct3ResTime" : 25.0,
    "throughput" : 0.9033331980025171,
    "receivedKBytesPerSec" : 0.4419628244133409,
    "sentKBytesPerSec" : 0.4922460200052779
  },
  "preseveother" : {
    "transaction" : "preseveother",
    "sampleCount" : 88,
    "errorCount" : 0,
    "errorPct" : 0.0,
    "meanResTime" : 69.85227272727273,
    "medianResTime" : 62.0,
    "minResTime" : 46.0,
    "maxResTime" : 144.0,
    "pct1ResTime" : 99.10000000000001,
    "pct2ResTime" : 107.19999999999999,
    "pct3ResTime" : 144.0,
    "throughput" : 0.9167430619218269,
    "receivedKBytesPerSec" : 0.4458379344112009,
    "sentKBytesPerSec" : 0.8979426670972581
  },
  "Login" : {
    "transaction" : "Login",
    "sampleCount" : 5,
    "errorCount" : 0,
    "errorPct" : 0.0,
    "meanResTime" : 140.6,
    "medianResTime" : 126.0,
    "minResTime" : 119.0,
    "maxResTime" : 203.0,
    "pct1ResTime" : 203.0,
    "pct2ResTime" : 203.0,
    "pct3ResTime" : 203.0,
    "throughput" : 0.6379178361826997,
    "receivedKBytesPerSec" : 0.4908977098749681,
    "sentKBytesPerSec" : 0.18439812452156162
  },
  "查票" : {
    "transaction" : "查票",
    "sampleCount" : 92,
    "errorCount" : 0,
    "errorPct" : 0.0,
    "meanResTime" : 287.88043478260863,
    "medianResTime" : 281.0,
    "minResTime" : 223.0,
    "maxResTime" : 448.0,
    "pct1ResTime" : 349.7,
    "pct2ResTime" : 358.35,
    "pct3ResTime" : 448.0,
    "throughput" : 0.9220839096357768,
    "receivedKBytesPerSec" : 0.6742092598021528,
    "sentKBytesPerSec" : 0.5123688911940987
  },
  "进站" : {
    "transaction" : "进站",
    "sampleCount" : 89,
    "errorCount" : 0,
    "errorPct" : 0.0,
    "meanResTime" : 17.43820224719101,
    "medianResTime" : 15.0,
    "minResTime" : 12.0,
    "maxResTime" : 49.0,
    "pct1ResTime" : 26.0,
    "pct2ResTime" : 28.0,
    "pct3ResTime" : 49.0,
    "throughput" : 0.9032873570217905,
    "receivedKBytesPerSec" : 0.41724113268682317,
    "sentKBytesPerSec" : 0.4304728810806971
  },
  "查看所有订单" : {
    "transaction" : "查看所有订单",
    "sampleCount" : 89,
    "errorCount" : 0,
    "errorPct" : 0.0,
    "meanResTime" : 17.213483146067418,
    "medianResTime" : 15.0,
    "minResTime" : 12.0,
    "maxResTime" : 62.0,
    "pct1ResTime" : 22.0,
    "pct2ResTime" : 31.5,
    "pct3ResTime" : 62.0,
    "throughput" : 0.9033973831927485,
    "receivedKBytesPerSec" : 0.7366570458651807,
    "sentKBytesPerSec" : 0.670490245338368
  },
  "获取乘客信息" : {
    "transaction" : "获取乘客信息",
    "sampleCount" : 92,
    "errorCount" : 0,
    "errorPct" : 0.0,
    "meanResTime" : 8.260869565217394,
    "medianResTime" : 8.0,
    "minResTime" : 6.0,
    "maxResTime" : 25.0,
    "pct1ResTime" : 10.0,
    "pct2ResTime" : 11.0,
    "pct3ResTime" : 25.0,
    "throughput" : 0.9249577736668544,
    "receivedKBytesPerSec" : 0.7975954239724926,
    "sentKBytesPerSec" : 0.44170346808895683
  },
  "托运" : {
    "transaction" : "托运",
    "sampleCount" : 89,
    "errorCount" : 0,
    "errorPct" : 0.0,
    "meanResTime" : 14.06741573033708,
    "medianResTime" : 13.0,
    "minResTime" : 11.0,
    "maxResTime" : 34.0,
    "pct1ResTime" : 19.0,
    "pct2ResTime" : 22.0,
    "pct3ResTime" : 34.0,
    "throughput" : 0.9034248939237063,
    "receivedKBytesPerSec" : 0.7110942036157297,
    "sentKBytesPerSec" : 0.7190344614724811
  },
  "查换乘票" : {
    "transaction" : "查换乘票",
    "sampleCount" : 88,
    "errorCount" : 0,
    "errorPct" : 0.0,
    "meanResTime" : 1211.920454545454,
    "medianResTime" : 1204.5,
    "minResTime" : 1004.0,
    "maxResTime" : 1399.0,
    "pct1ResTime" : 1351.1,
    "pct2ResTime" : 1379.55,
    "pct3ResTime" : 1399.0,
    "throughput" : 0.9046703607373063,
    "receivedKBytesPerSec" : 1.6927230577858194,
    "sentKBytesPerSec" : 0.5168282822571526
  },
  "Total" : {
    "transaction" : "Total",
    "sampleCount" : 1259,
    "errorCount" : 0,
    "errorPct" : 0.0,
    "meanResTime" : 323.7529785544083,
    "medianResTime" : 33.0,
    "minResTime" : 6.0,
    "maxResTime" : 1429.0,
    "pct1ResTime" : 1177.0,
    "pct2ResTime" : 1240.0,
    "pct3ResTime" : 1346.0,
    "throughput" : 12.456959670716744,
    "receivedKBytesPerSec" : 11.100306152169827,
    "sentKBytesPerSec" : 7.75958853197847
  },
  "订票" : {
    "transaction" : "订票",
    "sampleCount" : 90,
    "errorCount" : 0,
    "errorPct" : 0.0,
    "meanResTime" : 551.1777777777775,
    "medianResTime" : 550.0,
    "minResTime" : 415.0,
    "maxResTime" : 852.0,
    "pct1ResTime" : 637.1,
    "pct2ResTime" : 662.7,
    "pct3ResTime" : 852.0,
    "throughput" : 0.8996941040046383,
    "receivedKBytesPerSec" : 0.4120669284943119,
    "sentKBytesPerSec" : 0.8715786632544934
  },
  "查便宜票" : {
    "transaction" : "查便宜票",
    "sampleCount" : 88,
    "errorCount" : 0,
    "errorPct" : 0.0,
    "meanResTime" : 1158.602272727273,
    "medianResTime" : 1156.5,
    "minResTime" : 953.0,
    "maxResTime" : 1338.0,
    "pct1ResTime" : 1263.1,
    "pct2ResTime" : 1284.95,
    "pct3ResTime" : 1338.0,
    "throughput" : 0.9063101846607001,
    "receivedKBytesPerSec" : 1.695861725259277,
    "sentKBytesPerSec" : 0.5159949586495979
  },
  "取票" : {
    "transaction" : "取票",
    "sampleCount" : 89,
    "errorCount" : 0,
    "errorPct" : 0.0,
    "meanResTime" : 19.76404494382023,
    "medianResTime" : 15.0,
    "minResTime" : 12.0,
    "maxResTime" : 243.0,
    "pct1ResTime" : 25.0,
    "pct2ResTime" : 34.0,
    "pct3ResTime" : 243.0,
    "throughput" : 0.903278189383944,
    "receivedKBytesPerSec" : 0.4172368980259819,
    "sentKBytesPerSec" : 0.4322327273419263
  },
  "查票2" : {
    "transaction" : "查票2",
    "sampleCount" : 92,
    "errorCount" : 0,
    "errorPct" : 0.0,
    "meanResTime" : 38.336956521739125,
    "medianResTime" : 35.0,
    "minResTime" : 29.0,
    "maxResTime" : 82.0,
    "pct1ResTime" : 45.400000000000006,
    "pct2ResTime" : 65.04999999999998,
    "pct3ResTime" : 82.0,
    "throughput" : 0.9244001446887182,
    "receivedKBytesPerSec" : 0.42067428459467066,
    "sentKBytesPerSec" : 0.5145586742896185
  },
  "查快速票" : {
    "transaction" : "查快速票",
    "sampleCount" : 87,
    "errorCount" : 0,
    "errorPct" : 0.0,
    "meanResTime" : 1172.0919540229888,
    "medianResTime" : 1157.0,
    "minResTime" : 977.0,
    "maxResTime" : 1429.0,
    "pct1ResTime" : 1287.4,
    "pct2ResTime" : 1331.6,
    "pct3ResTime" : 1429.0,
    "throughput" : 0.9134433665112763,
    "receivedKBytesPerSec" : 1.7091381740582083,
    "sentKBytesPerSec" : 0.5200561354258536
  }
}