{
  "获取食物" : {
    "transaction" : "获取食物",
    "sampleCount" : 158,
    "errorCount" : 0,
    "errorPct" : 0.0,
    "meanResTime" : 28.202531645569604,
    "medianResTime" : 27.0,
    "minResTime" : 22.0,
    "maxResTime" : 82.0,
    "pct1ResTime" : 33.099999999999994,
    "pct2ResTime" : 35.14999999999995,
    "pct3ResTime" : 75.50999999999996,
    "throughput" : 0.8852234909180552,
    "receivedKBytesPerSec" : 0.8185220496985759,
    "sentKBytesPerSec" : 0.4123550831717894
  },
  "支付" : {
    "transaction" : "支付",
    "sampleCount" : 157,
    "errorCount" : 0,
    "errorPct" : 0.0,
    "meanResTime" : 13.445859872611464,
    "medianResTime" : 12.0,
    "minResTime" : 9.0,
    "maxResTime" : 50.0,
    "pct1ResTime" : 19.0,
    "pct2ResTime" : 23.0,
    "pct3ResTime" : 49.41999999999999,
    "throughput" : 0.8902649246960624,
    "receivedKBytesPerSec" : 0.4355690696022727,
    "sentKBytesPerSec" : 0.48512483201211215
  },
  "preseveother" : {
    "transaction" : "preseveother",
    "sampleCount" : 156,
    "errorCount" : 0,
    "errorPct" : 0.0,
    "meanResTime" : 80.50000000000003,
    "medianResTime" : 71.0,
    "minResTime" : 47.0,
    "maxResTime" : 184.0,
    "pct1ResTime" : 114.30000000000001,
    "pct2ResTime" : 136.0,
    "pct3ResTime" : 175.4500000000001,
    "throughput" : 0.8875184188518015,
    "receivedKBytesPerSec" : 0.4316251685431613,
    "sentKBytesPerSec" : 0.8693173575276923
  },
  "Login" : {
    "transaction" : "Login",
    "sampleCount" : 5,
    "errorCount" : 0,
    "errorPct" : 0.0,
    "meanResTime" : 137.8,
    "medianResTime" : 125.0,
    "minResTime" : 113.0,
    "maxResTime" : 210.0,
    "pct1ResTime" : 210.0,
    "pct2ResTime" : 210.0,
    "pct3ResTime" : 210.0,
    "throughput" : 0.6346788525006347,
    "receivedKBytesPerSec" : 0.488405210713379,
    "sentKBytesPerSec" : 0.18346185580096472
  },
  "查票" : {
    "transaction" : "查票",
    "sampleCount" : 158,
    "errorCount" : 0,
    "errorPct" : 0.0,
    "meanResTime" : 324.31645569620247,
    "medianResTime" : 314.5,
    "minResTime" : 235.0,
    "maxResTime" : 815.0,
    "pct1ResTime" : 407.29999999999995,
    "pct2ResTime" : 443.04999999999995,
    "pct3ResTime" : 652.7499999999991,
    "throughput" : 0.8838122514278043,
    "receivedKBytesPerSec" : 0.6463237623132387,
    "sentKBytesPerSec" : 0.4911027061156452
  },
  "进站" : {
    "transaction" : "进站",
    "sampleCount" : 157,
    "errorCount" : 0,
    "errorPct" : 0.0,
    "meanResTime" : 17.044585987261136,
    "medianResTime" : 15.0,
    "minResTime" : 11.0,
    "maxResTime" : 66.0,
    "pct1ResTime" : 22.0,
    "pct2ResTime" : 28.0,
    "pct3ResTime" : 60.77999999999989,
    "throughput" : 0.890254828356601,
    "receivedKBytesPerSec" : 0.4112212244264377,
    "sentKBytesPerSec" : 0.4242620666386926
  },
  "查看所有订单" : {
    "transaction" : "查看所有订单",
    "sampleCount" : 157,
    "errorCount" : 0,
    "errorPct" : 0.0,
    "meanResTime" : 16.643312101910816,
    "medianResTime" : 15.0,
    "minResTime" : 12.0,
    "maxResTime" : 43.0,
    "pct1ResTime" : 24.200000000000017,
    "pct2ResTime" : 29.0,
    "pct3ResTime" : 41.25999999999996,
    "throughput" : 0.8899974490518977,
    "receivedKBytesPerSec" : 0.725730341756186,
    "sentKBytesPerSec" : 0.6605449817182053
  },
  "获取乘客信息" : {
    "transaction" : "获取乘客信息",
    "sampleCount" : 158,
    "errorCount" : 0,
    "errorPct" : 0.0,
    "meanResTime" : 8.189873417721529,
    "medianResTime" : 8.0,
    "minResTime" : 6.0,
    "maxResTime" : 17.0,
    "pct1ResTime" : 10.099999999999994,
    "pct2ResTime" : 12.0,
    "pct3ResTime" : 15.819999999999993,
    "throughput" : 0.8853673433936466,
    "receivedKBytesPerSec" : 0.7634564103677637,
    "sentKBytesPerSec" : 0.4227974911323176
  },
  "托运" : {
    "transaction" : "托运",
    "sampleCount" : 157,
    "errorCount" : 0,
    "errorPct" : 0.0,
    "meanResTime" : 13.452229299363058,
    "medianResTime" : 12.0,
    "minResTime" : 10.0,
    "maxResTime" : 57.0,
    "pct1ResTime" : 15.0,
    "pct2ResTime" : 18.299999999999983,
    "pct3ResTime" : 43.65999999999971,
    "throughput" : 0.8901589245519439,
    "receivedKBytesPerSec" : 0.7005140118527212,
    "sentKBytesPerSec" : 0.7084760971775725
  },
  "查换乘票" : {
    "transaction" : "查换乘票",
    "sampleCount" : 156,
    "errorCount" : 0,
    "errorPct" : 0.0,
    "meanResTime" : 1242.051282051282,
    "medianResTime" : 1223.5,
    "minResTime" : 1007.0,
    "maxResTime" : 1829.0,
    "pct1ResTime" : 1364.0,
    "pct2ResTime" : 1429.3500000000001,
    "pct3ResTime" : 1686.5000000000018,
    "throughput" : 0.881141869489333,
    "receivedKBytesPerSec" : 1.648699044864807,
    "sentKBytesPerSec" : 0.5033867125500584
  },
  "Total" : {
    "transaction" : "Total",
    "sampleCount" : 2202,
    "errorCount" : 0,
    "errorPct" : 0.0,
    "meanResTime" : 339.38010899182467,
    "medianResTime" : 33.0,
    "minResTime" : 6.0,
    "maxResTime" : 1829.0,
    "pct1ResTime" : 1199.4,
    "pct2ResTime" : 1261.0,
    "pct3ResTime" : 1374.8199999999988,
    "throughput" : 12.202150060955336,
    "receivedKBytesPerSec" : 10.90110213135875,
    "sentKBytesPerSec" : 7.617744886332151
  },
  "订票" : {
    "transaction" : "订票",
    "sampleCount" : 158,
    "errorCount" : 0,
    "errorPct" : 0.0,
    "meanResTime" : 623.7341772151899,
    "medianResTime" : 604.5,
    "minResTime" : 469.0,
    "maxResTime" : 1139.0,
    "pct1ResTime" : 740.3999999999999,
    "pct2ResTime" : 800.3499999999996,
    "pct3ResTime" : 1099.4699999999998,
    "throughput" : 0.8825878817332239,
    "receivedKBytesPerSec" : 0.40409576811679204,
    "sentKBytesPerSec" : 0.8550070104290606
  },
  "查便宜票" : {
    "transaction" : "查便宜票",
    "sampleCount" : 157,
    "errorCount" : 0,
    "errorPct" : 0.0,
    "meanResTime" : 1187.2611464968159,
    "medianResTime" : 1185.0,
    "minResTime" : 987.0,
    "maxResTime" : 1501.0,
    "pct1ResTime" : 1312.4,
    "pct2ResTime" : 1358.4999999999998,
    "pct3ResTime" : 1499.84,
    "throughput" : 0.8847911723764815,
    "receivedKBytesPerSec" : 1.6555657573840612,
    "sentKBytesPerSec" : 0.5037434116166881
  },
  "取票" : {
    "transaction" : "取票",
    "sampleCount" : 157,
    "errorCount" : 0,
    "errorPct" : 0.0,
    "meanResTime" : 20.382165605095533,
    "medianResTime" : 15.0,
    "minResTime" : 12.0,
    "maxResTime" : 159.0,
    "pct1ResTime" : 28.200000000000017,
    "pct2ResTime" : 44.69999999999996,
    "pct3ResTime" : 138.69999999999956,
    "throughput" : 0.8901690187162289,
    "receivedKBytesPerSec" : 0.41118158774685176,
    "sentKBytesPerSec" : 0.42595978434663295
  },
  "查票2" : {
    "transaction" : "查票2",
    "sampleCount" : 158,
    "errorCount" : 0,
    "errorPct" : 0.0,
    "meanResTime" : 38.03164556962025,
    "medianResTime" : 36.0,
    "minResTime" : 29.0,
    "maxResTime" : 111.0,
    "pct1ResTime" : 46.0,
    "pct2ResTime" : 50.0,
    "pct3ResTime" : 86.21999999999986,
    "throughput" : 0.8853673433936466,
    "receivedKBytesPerSec" : 0.4029113105678119,
    "sentKBytesPerSec" : 0.4928314313812291
  },
  "查快速票" : {
    "transaction" : "查快速票",
    "sampleCount" : 153,
    "errorCount" : 0,
    "errorPct" : 0.0,
    "meanResTime" : 1174.1503267973858,
    "medianResTime" : 1170.0,
    "minResTime" : 978.0,
    "maxResTime" : 1678.0,
    "pct1ResTime" : 1282.2,
    "pct2ResTime" : 1311.8999999999999,
    "pct3ResTime" : 1521.9400000000023,
    "throughput" : 0.8784319129146715,
    "receivedKBytesPerSec" : 1.6436677098045631,
    "sentKBytesPerSec" : 0.5001228566691929
  }
}